Country / Region	Type	Company / Agency	Company Description	Contact Person	Email Sent To	Email / Contact	Phone / WhatsApp	Role Applied For	Status	Date Email Sent	Date Applied	Follow-up Date	Reply Status	Confidence	Needs Manual Review	Recommended Action	Source	Notes	URLs	Last Gmail Thread ID	Last Gmail Message ID
UAE / Dubai	Agency	360agency	Agency / recruiter			apply@360agency.me			To Contact					Medium	Yes	Verify OCR email/domain before outreach	Raw OCR: IMG_8057.HEIC	OCR raw safety-net row from screenshot; verify before outreach. @:) Join channel to get daily Dubai job updates W | https://www.instagram.com/channel/ | info@workforce.ae | contact@morganmallet.agency	https://www.instagram.com/channel/AbZbNHfHrBoK22HT/?		
UAE / Dubai	Agency	Abcrecruitment	Agency / recruiter			career@abcrecruitment.ae; recruit@abcrecruitment.ae			To Contact					Medium	Yes	Verify OCR email/domain before outreach	Raw OCR: IMG_8493.HEIC; Raw OCR: IMG_8948.HEIC	OCR raw safety-net row from screenshot | verify before outreach. FREE Recruitment Agency List & | Ll ABC Recruitment | www.abcrecruitment.ae | career@abcrecruitment.ae | recruit@abcrecruitment.ae | MP ABC Recruitment	www.abcrecruitment.ae; www.accel-hrconsulting.com; www.dragonrecruiting.net		
UAE / Dubai	Agency	Accelhrc	Agency / recruiter			info@accelhrc.com			To Contact					Medium	Yes	Verify OCR email/domain before outreach	Raw OCR: IMG_8493.HEIC; Raw OCR: IMG_8948.HEIC	OCR raw safety-net row from screenshot | verify before outreach. FREE Recruitment Agency List & | Ll ABC Recruitment | www.abcrecruitment.ae | career@abcrecruitment.ae | recruit@abcrecruitment.ae | MP ABC Recruitment	www.abcrecruitment.ae; www.accel-hrconsulting.com; www.dragonrecruiting.net		
UAE / Dubai	Agency	Adecco	Recruitment agency / staffing contact		adeccoae.info@adecco.com	adeccoae.info@adecco.com; adeccoa.e.info@adecco.com		Product Designer / UI/UX / UAE Digital Roles	Applied	2026-06-02	2026-06-02	2026-06-10	No Reply	High	Yes	Follow up if no response	Current Master Job Tracker; Original tracker: Job Application Data Extraction; Original tracker: Sheet1; Screenshot proposal: proposed-tracker-rows-from-unknown.csv; IMG_8341.HEIC; Gmail sent last month; Raw OCR: IMG_8333.HEIC; Raw OCR: IMG_8341.HEIC	Agency outreach sent with UAE Product Designer CV. Gmail sent id: 19e89951d50b68b7 | Move from Unknown into UAE/Dubai agency review queue. | Initial and updated UAE agency CV sent. | OCR raw safety-net row from screenshot | verify before outreach. Top recruitment agencies at United Arab Emirates | 1. info@uhrs.ae | 2. jobs@reachgroup.ae | 3. info@receptionistpa.com | verify before outreach. 1. ... [truncated]	adecco.com; OCR agency-list screenshot; many .ae; dxb; middleeast; and UAE staffing domains. Verify before outreach.	19e89d089904515a	19e89d089904515a
UAE / Dubai	Agency	ADMS UAE	UAE manpower / recruitment lead		info@admsuae.com	info@admsuae.com		Product Designer / UI/UX / UAE Digital Roles	Applied	2026-06-02	2026-06-02	2026-06-10	No Reply	High	Yes	Follow up if no response	Current Master Job Tracker; Original tracker: Job Application Data Extraction; Original tracker: Sheet1; Gmail sent last month	Agency outreach sent with UAE Product Designer CV. Gmail sent id: 19e89945308caee8 | Initial and updated UAE agency CV sent.		19e89cf5ce9cc34b	19e89cf5ce9cc34b
UAE / Dubai	Agency	AKRS	Recruitment agency / staffing contact		info@akrs.ae	info@akrs.ae		Product Designer / UI/UX / UAE Digital Roles	Applied	2026-06-02	2026-06-02	2026-06-10	No Reply	High	Yes	Follow up if no response	Current Master Job Tracker; Original tracker: Job Application Data Extraction; Original tracker: Sheet1; Screenshot proposal: proposed-tracker-rows-from-unknown.csv; IMG_8334.HEIC; Gmail sent last month; Raw OCR: IMG_8341.HEIC	Agency outreach sent with UAE Product Designer CV. Gmail sent id: 19e899494cedcd60 | Move from Unknown into UAE/Dubai agency review queue. | Initial and updated UAE agency CV sent. | OCR raw safety-net row from screenshot | verify before outreach. 1. info@mackenziejones.com | 2. info@sawaeed.ae | 3. clientmiddleeast@hays.com | 4. info@receptionistpa.com	akrs.ae; OCR agency-list screenshot; many .ae; dxb; middleeast; and UAE staffing domains. Verify before outreach.	19e89cfc2a56acd0	19e89cfc2a56acd0
UAE / Dubai	Agency	Al Mansoor Group	UAE recruitment / manpower lead		info@almansoorgroup.com	info@almansoorgroup.com		Product Designer / UI/UX / UAE Digital Roles	Applied	2026-06-02	2026-06-02	2026-06-10	No Reply	High	Yes	Follow up if no response	Current Master Job Tracker; Original tracker: Job Application Data Extraction; Original tracker: Sheet1; Gmail sent last month	Agency outreach sent with UAE Product Designer CV. Gmail sent id: 19e89956b48c3cad | Initial and updated UAE-focused CV sent.		19e89d0ead50a17f	19e89d0ead50a17f
UAE / Dubai	Agency	Al Nahiya	UAE recruitment and manpower agency		enquiries@alnahiya.com; info@alnahiya.com	enquiries@alnahiya.com; info@alnahiya.com		Product Designer / UI/UX / UAE Digital Roles	Applied	2026-06-02	2026-06-02	2026-06-10	No Reply	High	Yes	Follow up if no response	Current Master Job Tracker; Original tracker: Job Application Data Extraction; Original tracker: Sheet1; Gmail sent last month	Agency outreach sent with UAE Product Designer CV. Gmail sent id: 19e8995bb9aefbbb | Initial and updated UAE-focused CV sent.		19e89d146678c6a2	19e89d146678c6a2
UAE / Dubai	Agency	Al Thawiya	Recruitment agency / staffing contact		enquiry@al-thawiya.com	enquiry@al-thawiya.com		Product Designer / UI/UX / UAE Digital Roles	Applied	2026-06-02	2026-06-02	2026-06-10	No Reply	High	Yes	Follow up if no response	Current Master Job Tracker; Original tracker: Job Application Data Extraction; Original tracker: Sheet1; Screenshot proposal: proposed-tracker-rows-from-unknown.csv; IMG_8334.HEIC; Gmail sent last month; Raw OCR: IMG_8341.HEIC	Agency outreach sent with UAE Product Designer CV. Gmail sent id: 19e8995fe4f14b21 | Move from Unknown into UAE/Dubai agency review queue. | Initial and updated UAE-focused CV sent. | OCR raw safety-net row from screenshot | verify before outreach. 1. info@mackenziejones.com | 2. info@sawaeed.ae | 3. clientmiddleeast@hays.com | 4. info@receptionistpa.com	al-thawiya.com; OCR agency-list screenshot; many .ae; dxb; middleeast; and UAE staffing domains. Verify before outreach.	19e89d1b128adb5c	19e89d1b128adb5c
UAE / Dubai	Agency	Al Vakil	Recruitment agency with GCC and India contacts		jobs@alvakil.net; adminmumbai@alvakil.net	jobs@alvakil.net; adminmumbai@alvakil.net		Product Designer / UI/UX / UAE-GCC Roles	Applied	2026-06-02	2026-06-02	2026-06-10	No Reply	High	Yes	Follow up if no response	Current Master Job Tracker; Original tracker: Job Application Data Extraction; Original tracker: Sheet1; Gmail sent last month	Agency outreach sent with UAE Product Designer CV. Gmail sent id: 19e8996472185e94 | Initial and updated UAE/GCC-focused CV sent.		19e89d20d8adcac1	19e89d20d8adcac1
UAE / Dubai	Agency	Allianzehr	Agency / recruiter			ehr@allianzehr.com			To Contact					Medium	Yes	Verify OCR email/domain before outreach	Raw OCR: IMG_8057.HEIC	OCR raw safety-net row from screenshot; verify before outreach. @:) Join channel to get daily Dubai job updates W | https://www.instagram.com/channel/ | info@workforce.ae | contact@morganmallet.agency	https://www.instagram.com/channel/AbZbNHfHrBoK22HT/?		
UAE / Dubai	Agency	Antal	Recruitment agency / staffing contact			info@antal.com			Applied		2026-06-03	2026-06-10		High	Yes	Follow up if no response	Current Master Job Tracker; Original tracker: Job Application Data Extraction; Original tracker: Sheet1; Screenshot proposal: proposed-tracker-rows-from-unknown.csv; IMG_8334.HEIC; Raw OCR: IMG_8341.HEIC	Agency outreach sent with UAE Product Designer CV. Gmail sent id: 19e8996a624036db | Move from Unknown into UAE/Dubai agency review queue. | OCR raw safety-net row from screenshot | verify before outreach. 1. info@mackenziejones.com | 2. info@sawaeed.ae | 3. clientmiddleeast@hays.com | 4. info@receptionistpa.com	antal.com; OCR agency-list screenshot; many .ae; dxb; middleeast; and UAE staffing domains. Verify before outreach.		
UAE / Dubai	Agency	ASRS	Recruitment agency / staffing contact		Info@asrs.ae	Info@asrs.ae; info@asrs.ae		Product Designer / UI/UX / UAE Digital Roles	Applied	2026-06-02	2026-06-02	2026-06-10	No Reply	High	Yes	Follow up if no response	Current Master Job Tracker; Original tracker: Job Application Data Extraction; Original tracker: Sheet1; Screenshot proposal: proposed-tracker-rows-from-unknown.csv; IMG_8334.HEIC; Gmail sent last month; Raw OCR: IMG_8333.HEIC; Raw OCR: IMG_8341.HEIC	Agency outreach sent with UAE Product Designer CV. Gmail sent id: 19e8994d82744ae3 | Move from Unknown into UAE/Dubai agency review queue. | Initial and updated UAE agency CV sent. | OCR raw safety-net row from screenshot | verify before outreach. Top recruitment agencies at United Arab Emirates | 1. info@uhrs.ae | 2. jobs@reachgroup.ae | 3. info@receptionistpa.com | verify before outreach. 1. ... [truncated]	asrs.ae; OCR agency-list screenshot; many .ae; dxb; middleeast; and UAE staffing domains. Verify before outreach.	19e89d0228492b70	19e89d0228492b70
UAE / Dubai	Agency	BAC Middle East	UAE recruitment agency		recruit@bacme.com; submit@bacme.com; mabel@bacme.com	recruit@bacme.com; submit@bacme.com; mabel@bacme.com		Product Designer / UI/UX / Agency Outreach	Delivery Failed	2026-06-03	2026-06-03	2026-06-10	Bounced	High	Yes	Follow up if no response	Current Master Job Tracker; Original tracker: Job Application Data Extraction; Original tracker: Sheet1; Gmail sent last month	BAC-specific CV sent. To: recruit@bacme.com | submit@bacme.com. CC: mabel@bacme.com. Gmail sent id: 19e89c01053d2189 | Delivery delays then permanent failures were received for recruit@bacme.com submit@bacme.com and mabel@bacme.com.		19e89c01053d2189	19e89c01053d2189
UAE / Dubai	Agency	Caliberly	Agency / recruiter			hello@caliberly.com	Phone: +971 4 367 1797; Phone: +971 4 585 9309; Phone: +971 50 434 4675; Phone: +971 4 447 2847; Phone: +971 4 355 7222		To Contact					Medium	Yes	Verify OCR email/domain before outreach	Raw OCR: IMG_8396.HEIC	OCR raw safety-net row from screenshot; verify before outreach. v FOLLOW FOR DUBAI JOB-RELATED VIDEOS | BE Email: info@mindfieldresources.com | &: Website: http://www.mindfieldresources.com | Tiger Recruitment	http://www.mindfieldresources.comTiger; https://tiger-recruitment.com/aeRFS; https://www.rfsonshr.comCaliberly; https://caliberly.comParker; https://parkerconnect-me.com#4		
UAE / Dubai	Agency	Careerpro	Agency / recruiter			einfo@careerpro.ae			To Contact					Medium	Yes	Verify OCR email/domain before outreach	Raw OCR: IMG_8057.HEIC	OCR raw safety-net row from screenshot; verify before outreach. @:) Join channel to get daily Dubai job updates W | https://www.instagram.com/channel/ | info@workforce.ae | contact@morganmallet.agency	https://www.instagram.com/channel/AbZbNHfHrBoK22HT/?		
UAE / Dubai	Agency	Careerteria	Agency / recruiter			ehr@careerteria.com			To Contact					Medium	Yes	Verify OCR email/domain before outreach	Raw OCR: IMG_8057.HEIC	OCR raw safety-net row from screenshot; verify before outreach. @:) Join channel to get daily Dubai job updates W | https://www.instagram.com/channel/ | info@workforce.ae | contact@morganmallet.agency	https://www.instagram.com/channel/AbZbNHfHrBoK22HT/?		
UAE / Dubai	Agency	CIG	Recruitment agency / staffing contact		hr@cig.ae; info@cig.ae; ibrahim.bangi@cig.ae	info@cig.ae; hr@cig.ae; ibrahim.bangi@cig.ae		Product Designer / UI/UX / Digital Operations	Needs Review	2026-06-02	2026-06-02	2026-06-09	Bounced	High	Yes	Run company careers/LinkedIn check	Current Master Job Tracker; Original tracker: Job Application Data Extraction; Original tracker: Sheet1; Screenshot proposal: proposed-tracker-rows-from-unknown.csv; IMG_8334.HEIC; Gmail sent last month; Raw OCR: IMG_8341.HEIC	Move from Unknown into UAE/Dubai agency review queue. | Delivery failure received for hr@cig.ae | message may still have reached info@cig.ae and CC. | OCR raw safety-net row from screenshot | verify before outreach. 1. info@mackenziejones.com | 2. info@sawaeed.ae | 3. clientmiddleeast@hays.com | 4. info@receptionistpa.com	cig.ae; OCR agency-list screenshot; many .ae; dxb; middleeast; and UAE staffing domains. Verify before outreach.	19e89e3b9054e44a	19e89e3fb8f18058
UAE / Dubai	Agency	Derby Group	UAE recruitment / outsourcing agency		info@derbygroup.ae; tarun@derbygroup.ae; francis@derbygroup.ae	info@derbygroup.ae; tarun@derbygroup.ae; francis@derbygroup.ae		Product Designer / UI/UX / Digital Operations	Applied	2026-06-02	2026-06-02	2026-06-09	No Reply	High	Yes	Run company careers/LinkedIn check	Current Master Job Tracker; Original tracker: Job Application Data Extraction; Original tracker: Sheet1; Gmail sent last month	Derby Group CV sent to info with Tarun and Francis in CC.		19e89e808041e2f3	19e89e85944d0089
UAE / Dubai	Agency	Dragonrecruiting	Agency / recruiter			contact@dragonrecruiting.net			To Contact					Medium	Yes	Verify OCR email/domain before outreach	Raw OCR: IMG_8493.HEIC; Raw OCR: IMG_8948.HEIC	OCR raw safety-net row from screenshot | verify before outreach. FREE Recruitment Agency List & | Ll ABC Recruitment | www.abcrecruitment.ae | career@abcrecruitment.ae | recruit@abcrecruitment.ae | MP ABC Recruitment	www.abcrecruitment.ae; www.accel-hrconsulting.com; www.dragonrecruiting.net		
UAE / Dubai	Agency	Edgeexecutive	Agency / recruiter			rc3@edgeexecutive.com			To Contact					Medium	Yes	Verify OCR email/domain before outreach	Raw OCR: IMG_8355.HEIC; Raw OCR: IMG_8491.HEIC	OCR raw safety-net row from screenshot | verify before outreach. yp WHR — | gf —— | Top 50 Recruitment d | Companies in UAE E= 2026 = | I Dubai Recruitment Agencies CV Submission # 5 & | verify before outreach. Top 50 recruitment agencies in UAE | 31 Jobtrack jobtrack@jobtrackme.com Admin & Commercial | 33 Gulf Connexions jobs@gulfconnexions.com Investment Banking | 34 Headway enquiries@headway.ae ... [truncated]			
UAE / Dubai	Agency	Emirates Net	Recruitment agency / staffing contact		mansoor@emirates.net.ae; hrd@emiratesnet.com; marketing@emiratesnet.com	mansoor@emirates.net.ae; hrd@emiratesnet.com; marketing@emiratesnet.com		Product Designer / UI/UX / Digital Operations	Applied	2026-06-03	2026-06-03	2026-06-10	No Reply	High	Yes	Follow up if no response	Current Master Job Tracker; Original tracker: Job Application Data Extraction; Original tracker: Sheet1; Screenshot proposal: proposed-tracker-rows-from-unknown.csv; IMG_8334.HEIC; Gmail sent last month	Emirates Net-specific CV sent. Gmail sent id: 19e8e0553783843e. Sent to mansoor@emirates.net.ae with CC hrd@emiratesnet.com | marketing@emiratesnet.com. | Move from Unknown into UAE/Dubai agency review queue. | Emirates Net-specific CV sent to Mansoor with HR and marketing in CC.	emirates.net.ae; OCR agency-list screenshot; many .ae; dxb; middleeast; and UAE staffing domains. Verify before outreach.	19e8e0338c632fa1	19e8e0553783843e
UAE / Dubai	Agency	Executive Solutions ME	Middle East talent solutions agency		info@executivesolutionsme.com	info@executivesolutionsme.com		Product Designer / UI/UX / Digital Product	Applied	2026-06-03	2026-06-03	2026-06-10	No Reply	High	Yes	Run company careers/LinkedIn check	Original tracker: Job Application Data Extraction; Original tracker: Sheet1; Gmail sent last month	Agency CV sent for digital workflows and enterprise operations.		19e8e0863577fe43	19e8e0863577fe43
UAE / Dubai	Agency	Experts Recruitment	Recruitment and HR consultancy		gaile@expertsrecruitment.com	gaile@expertsrecruitment.com		Product Designer / UI/UX / Operations	Applied	2026-06-03	2026-06-03	2026-06-10	No Reply	High	Yes	Run company careers/LinkedIn check	Original tracker: Job Application Data Extraction; Original tracker: Sheet1; Gmail sent last month	Agency CV sent for B2B operations dashboards and digital product work.		19e8e08855ab62ee	19e8e08855ab62ee
UAE / Dubai	Agency	Firstselectuae	Agency / recruiter			info@firstselectuae.com			To Contact					Medium	Yes	Verify OCR email/domain before outreach	Raw OCR: IMG_8355.HEIC; Raw OCR: IMG_8491.HEIC	OCR raw safety-net row from screenshot | verify before outreach. yp WHR — | gf —— | Top 50 Recruitment d | Companies in UAE E= 2026 = | I Dubai Recruitment Agencies CV Submission # 5 & | verify before outreach. Top 50 recruitment agencies in UAE | 31 Jobtrack jobtrack@jobtrackme.com Admin & Commercial | 33 Gulf Connexions jobs@gulfconnexions.com Investment Banking | 34 Headway enquiries@headway.ae ... [truncated]			
UAE / Dubai	Agency	Gulfconnexions	Agency / recruiter			jobs@gulfconnexions.com			To Contact					Medium	Yes	Verify OCR email/domain before outreach	Raw OCR: IMG_8355.HEIC; Raw OCR: IMG_8491.HEIC	OCR raw safety-net row from screenshot | verify before outreach. yp WHR — | gf —— | Top 50 Recruitment d | Companies in UAE E= 2026 = | I Dubai Recruitment Agencies CV Submission # 5 & | verify before outreach. Top 50 recruitment agencies in UAE | 31 Jobtrack jobtrack@jobtrackme.com Admin & Commercial | 33 Gulf Connexions jobs@gulfconnexions.com Investment Banking | 34 Headway enquiries@headway.ae ... [truncated]			
UAE / Dubai	Agency	Hays	Recruitment agency / staffing contact		clientmiddleeast@hays.com	clientmiddleeast@hays.com		Product Designer / UI/UX / Digital Roles	Applied	2026-06-03	2026-06-03	2026-06-10	No Reply	High	Yes	Follow up if no response	Current Master Job Tracker; Original tracker: Job Application Data Extraction; Original tracker: Sheet1; Screenshot proposal: proposed-tracker-rows-from-unknown.csv; IMG_8334.HEIC; Gmail sent last month; Raw OCR: IMG_8341.HEIC	Hays-specific CV sent. Gmail sent id: 19e8e08a2c672b47. Sent to clientmiddleeast@hays.com with attached agency CV. | Move from Unknown into UAE/Dubai agency review queue. | Agency CV sent for technology digital and operations workflow roles. | OCR raw safety-net row from screenshot | verify before outreach. 1. info@mackenziejones.com | 2. info@sawaeed.ae | 3. clientmiddleeast@hays.com | 4. info@receptionistpa.com	hays.com; OCR agency-list screenshot; many .ae; dxb; middleeast; and UAE staffing domains. Verify before outreach.	19e8e08a2c672b47	19e8e08a2c672b47
UAE / Dubai	Agency	Headway	Agency / recruiter			enquiries@headway.ae			To Contact					Medium	Yes	Verify OCR email/domain before outreach	Raw OCR: IMG_8355.HEIC; Raw OCR: IMG_8491.HEIC	OCR raw safety-net row from screenshot | verify before outreach. yp WHR — | gf —— | Top 50 Recruitment d | Companies in UAE E= 2026 = | I Dubai Recruitment Agencies CV Submission # 5 & | verify before outreach. Top 50 recruitment agencies in UAE | 31 Jobtrack jobtrack@jobtrackme.com Admin & Commercial | 33 Gulf Connexions jobs@gulfconnexions.com Investment Banking | 34 Headway enquiries@headway.ae ... [truncated]			
UAE / Dubai	Agency	Horizon Group	Recruitment agency / staffing contact		horizongroup@horizon.ae	horizongroup@horizon.ae		Product Designer / UI/UX / Digital Operations	Applied	2026-06-03	2026-06-03	2026-06-10	Replied	High	Yes	Follow up if no response	Current Master Job Tracker; Original tracker: Job Application Data Extraction; Original tracker: Sheet1; Screenshot proposal: proposed-tracker-rows-from-unknown.csv; IMG_8341.HEIC; Gmail sent last month; Raw OCR: IMG_8333.HEIC; Raw OCR: IMG_8341.HEIC	Horizon-specific CV sent. Gmail sent id: 19e8e1f5148e7dda. Sent to horizongroup@horizon.ae with attached Horizon Group CV. | Move from Unknown into UAE/Dubai agency review queue. | Reply received 2026-06-04 saying CV/details were added to candidate database for future openings. | OCR raw safety-net row from screenshot | verify before outreach. Top recruitment agencies at United Arab Emirates | 1. ... [truncated]	horizon.ae; OCR agency-list screenshot; many .ae; dxb; middleeast; and UAE staffing domains. Verify before outreach.; http://www.hiresgulf.com	19e8e1e4f39c6af5	19e8e1f5148e7dda
UAE / Dubai	Agency	iKonsult Recruitment Solutions	Recruitment agency			hiring@ikonsult.in			To Contact					High	No	Run agency website/LinkedIn check	Current Master Job Tracker; Screenshot proposal: uae-dubai-proposed.csv; IMG_8701.HEIC; Screenshot proposal: outside-dubai-proposed.csv; Screenshot proposal: proposed-tracker-rows-from-unknown.csv	Country/Region: India / UAE remote | Category: Recruitment agency | Source: IMG_8701.HEIC | LinkedIn post mentions remote India/UAE roles.	https://ikonsult.in; ikonsult.in; https://in.linkedin.com/company/ikonsultrecruitment		
UAE / Dubai	Agency	Innovation UAE	UAE staffing and recruitment agency	Maryam Alzaabi	jobs@innovationsglobal.com	recruitment@innovationuae.com; jobs@innovationsglobal.com		Product Designer	Applied	2026-06-03	2026-06-03	2026-06-10	Replied	High	Yes	Follow up if no response	Current Master Job Tracker; Original tracker: Job Application Data Extraction; Original tracker: Sheet1; Gmail sent last month	Innovation UAE-specific CV sent. Gmail sent id: 19e8e239729c5bb6. Sent to jobs@innovationsglobal.com with attached Innovation UAE CV. | Reply received 2026-06-04 from Maryam Alzaabi with candidate registration link and app instructions.	https://erp.innovationuae.com/recruitment/candidate/register; https://www.innovationuae.com	19e8e239729c5bb6	19e8e239729c5bb6
UAE / Dubai	Agency	Inspire Selection				info@inspireselection.com			To Contact					Unknown	Yes	Run company careers/LinkedIn check	Original tracker: Job Application Data Extraction; Original tracker: Sheet1				
UAE / Dubai	Agency	Jobtrackme	Agency / recruiter			jobtrack@jobtrackme.com			To Contact					Medium	Yes	Verify OCR email/domain before outreach	Raw OCR: IMG_8355.HEIC; Raw OCR: IMG_8491.HEIC	OCR raw safety-net row from screenshot | verify before outreach. yp WHR — | gf —— | Top 50 Recruitment d | Companies in UAE E= 2026 = | I Dubai Recruitment Agencies CV Submission # 5 & | verify before outreach. Top 50 recruitment agencies in UAE | 31 Jobtrack jobtrack@jobtrackme.com Admin & Commercial | 33 Gulf Connexions jobs@gulfconnexions.com Investment Banking | 34 Headway enquiries@headway.ae ... [truncated]			
UAE / Dubai	Agency	Jpng Global	Agency / recruiter			zena.carter@jpng-global.com			To Contact					Medium	Yes	Verify OCR email/domain before outreach	Raw OCR: IMG_8355.HEIC; Raw OCR: IMG_8491.HEIC	OCR raw safety-net row from screenshot | verify before outreach. yp WHR — | gf —— | Top 50 Recruitment d | Companies in UAE E= 2026 = | I Dubai Recruitment Agencies CV Submission # 5 & | verify before outreach. Top 50 recruitment agencies in UAE | 31 Jobtrack jobtrack@jobtrackme.com Admin & Commercial | 33 Gulf Connexions jobs@gulfconnexions.com Investment Banking | 34 Headway enquiries@headway.ae ... [truncated]			
UAE / Dubai	Agency	JVI Global	Recruitment agency / staffing contact			jobseekers@jvi-global.com; employers@jvi-global.com			To Contact					High	Yes	Run company careers/LinkedIn check	Original tracker: Job Application Data Extraction; Original tracker: Sheet1; Screenshot proposal: proposed-tracker-rows-from-unknown.csv; IMG_8334.HEIC; IMG_8341.HEIC; Raw OCR: IMG_8341.HEIC	Move from Unknown into UAE/Dubai agency review queue. | OCR raw safety-net row from screenshot | verify before outreach. 1. info@mackenziejones.com | 2. info@sawaeed.ae | 3. clientmiddleeast@hays.com | 4. info@receptionistpa.com	jvi-global.com; OCR agency-list screenshot; many .ae; dxb; middleeast; and UAE staffing domains. Verify before outreach.		
UAE / Dubai	Agency	Kershaw Leonard				mike@kershawleonard.net			To Contact					Unknown	Yes	Run company careers/LinkedIn check	Original tracker: Job Application Data Extraction; Original tracker: Sheet1				
UAE / Dubai	Agency	Latinum HR	HR / recruitment			jobs@latinumhr.com			To Contact					Medium	No	Run agency website/LinkedIn check	Current Master Job Tracker; Screenshot proposal: uae-dubai-proposed.csv; IMG_8701.HEIC; Screenshot proposal: proposed-tracker-rows-from-unknown.csv	Country/Region: UAE / GCC | Category: HR / recruitment | Source: IMG_8701.HEIC | HR domain | verify exact country before outreach.	https://latinumhr.com; latinumhr.com; https://latinumhr.com/en/		
UAE / Dubai	Agency	Limitlessrecruitment	Agency / recruiter			info@limitlessrecruitment.org			To Contact					Medium	Yes	Verify OCR email/domain before outreach	Raw OCR: IMG_8057.HEIC	OCR raw safety-net row from screenshot; verify before outreach. @:) Join channel to get daily Dubai job updates W | https://www.instagram.com/channel/ | info@workforce.ae | contact@morganmallet.agency	https://www.instagram.com/channel/AbZbNHfHrBoK22HT/?		
UAE / Dubai	Agency	Lobo Management				lobo@lobomanagement.com			To Contact					Unknown	Yes	Run company careers/LinkedIn check	Original tracker: Job Application Data Extraction; Original tracker: Sheet1				
UAE / Dubai	Agency	Mackenzie Jones				info@mackenziejones.com			To Contact					Unknown	Yes	Run company careers/LinkedIn check	Original tracker: Job Application Data Extraction; Original tracker: Sheet1				
UAE / Dubai	Agency	Manpower Middle East				info@manpower-me.com			To Contact					Unknown	Yes	Run company careers/LinkedIn check	Current Master Job Tracker; Original tracker: Job Application Data Extraction; Original tracker: Sheet1				
UAE / Dubai	Agency	Marc Ellis	UAE recruitment agency	Prathiksha B	prathiksha.b@marc-ellis.com	prathiksha.b@marc-ellis.com		Senior Product Designer (UI/UX) - Dubai	Applied	2026-06-02	2026-06-02	2026-06-09	No Reply	High	No	Follow up if no response	Gmail sent last month	Application for Senior Product Designer opportunity in Dubai sent with Marc Ellis-tailored resume.		19e883a98d871f02	19e883ad26c6ee7c
UAE / Dubai	Agency	Michael Page				clientmiddleeast@michaelpage.ae			To Contact					Unknown	Yes	Run company careers/LinkedIn check	Current Master Job Tracker; Original tracker: Job Application Data Extraction; Original tracker: Sheet1				
UAE / Dubai	Agency	Mindfieldresources	Agency / recruiter			info@mindfieldresources.com	Phone: +971 4 367 1797; Phone: +971 4 585 9309; Phone: +971 50 434 4675; Phone: +971 4 447 2847; Phone: +971 4 355 7222		To Contact					Medium	Yes	Verify OCR email/domain before outreach	Raw OCR: IMG_8396.HEIC	OCR raw safety-net row from screenshot; verify before outreach. v FOLLOW FOR DUBAI JOB-RELATED VIDEOS | BE Email: info@mindfieldresources.com | &: Website: http://www.mindfieldresources.com | Tiger Recruitment	http://www.mindfieldresources.comTiger; https://tiger-recruitment.com/aeRFS; https://www.rfsonshr.comCaliberly; https://caliberly.comParker; https://parkerconnect-me.com#4		
UAE / Dubai	Agency	Morganmallet	Agency / recruiter			contact@morganmallet.agency			To Contact					Medium	Yes	Verify OCR email/domain before outreach	Raw OCR: IMG_8057.HEIC	OCR raw safety-net row from screenshot; verify before outreach. @:) Join channel to get daily Dubai job updates W | https://www.instagram.com/channel/ | info@workforce.ae | contact@morganmallet.agency	https://www.instagram.com/channel/AbZbNHfHrBoK22HT/?		
UAE / Dubai	Agency	Morgenall	Agency / recruiter			info@morgenall.com			To Contact					Medium	Yes	Verify OCR email/domain before outreach	Raw OCR: IMG_8355.HEIC; Raw OCR: IMG_8491.HEIC	OCR raw safety-net row from screenshot | verify before outreach. yp WHR — | gf —— | Top 50 Recruitment d | Companies in UAE E= 2026 = | I Dubai Recruitment Agencies CV Submission # 5 & | verify before outreach. Top 50 recruitment agencies in UAE | 31 Jobtrack jobtrack@jobtrackme.com Admin & Commercial | 33 Gulf Connexions jobs@gulfconnexions.com Investment Banking | 34 Headway enquiries@headway.ae ... [truncated]			
UAE / Dubai	Agency	Nadia Global				Contact@nadiaglobal.com			To Contact					Unknown	Yes	Run company careers/LinkedIn check	Original tracker: Job Application Data Extraction; Original tracker: Sheet1				
UAE / Dubai	Agency	Nathan HR				info@nathanhr.com			To Contact					Unknown	Yes	Run company careers/LinkedIn check	Original tracker: Job Application Data Extraction; Original tracker: Sheet1				
UAE / Dubai	Agency	Ontime Manpower Supply	Manpower / staffing agency			careers@ontimeuae.ae			To Contact					High	No	Run agency website/LinkedIn check	Current Master Job Tracker; Screenshot proposal: uae-dubai-proposed.csv; IMG_8701.HEIC; Screenshot proposal: proposed-tracker-rows-from-unknown.csv	Country/Region: UAE / Dubai | Category: Manpower / staffing agency | Source: IMG_8701.HEIC | Move to Dubai/UAE agency queue.	https://ontimeuae.ae; ontimeuae.ae; https://ontimeuae.com/career/; https://ontimeuae.com/on-demand-labour-solutions/		
UAE / Dubai	Agency	Pact Employment				info@pactemployment.ae			To Contact					Unknown	Yes	Run company careers/LinkedIn check	Current Master Job Tracker; Original tracker: Job Application Data Extraction; Original tracker: Sheet1				
UAE / Dubai	Agency	Pactemployment	Agency / recruiter			iinfo@pactemployment.ae			To Contact					Medium	Yes	Verify OCR email/domain before outreach	Raw OCR: IMG_8333.HEIC	OCR raw safety-net row from screenshot; verify before outreach. Top recruitment agencies at United Arab Emirates | 1. info@uhrs.ae | 2. jobs@reachgroup.ae | 3. info@receptionistpa.com			
UAE / Dubai	Agency	ParamInfo	IT staffing / services recruiter			rekha.y@paraminfo.com			To Contact					High	No	Run agency website/LinkedIn check	Current Master Job Tracker; Screenshot proposal: uae-dubai-proposed.csv; IMG_8701.HEIC; Screenshot proposal: proposed-tracker-rows-from-unknown.csv	Country/Region: UAE / GCC | Category: IT staffing / services recruiter | Source: IMG_8701.HEIC | ParamInfo careers page lists Dubai | Abu Dhabi | Saudi | Bahrain | and India | route as UAE/GCC agency contact.	https://paraminfo.com; paraminfo.com; https://paraminfo.com/careers/		
UAE / Dubai	Agency	Parkerconnect Me	Agency / recruiter			info@parkerconnect-me.com	Phone: +971 4 367 1797; Phone: +971 4 585 9309; Phone: +971 50 434 4675; Phone: +971 4 447 2847; Phone: +971 4 355 7222		To Contact					Medium	Yes	Verify OCR email/domain before outreach	Raw OCR: IMG_8396.HEIC	OCR raw safety-net row from screenshot; verify before outreach. v FOLLOW FOR DUBAI JOB-RELATED VIDEOS | BE Email: info@mindfieldresources.com | &: Website: http://www.mindfieldresources.com | Tiger Recruitment	http://www.mindfieldresources.comTiger; https://tiger-recruitment.com/aeRFS; https://www.rfsonshr.comCaliberly; https://caliberly.comParker; https://parkerconnect-me.com#4		
UAE / Dubai	Agency	Pinpointhr	Agency / recruiter			resume@pinpointhr.com			To Contact					Medium	Yes	Verify OCR email/domain before outreach	Raw OCR: IMG_8355.HEIC; Raw OCR: IMG_8491.HEIC	OCR raw safety-net row from screenshot | verify before outreach. yp WHR — | gf —— | Top 50 Recruitment d | Companies in UAE E= 2026 = | I Dubai Recruitment Agencies CV Submission # 5 & | verify before outreach. Top 50 recruitment agencies in UAE | 31 Jobtrack jobtrack@jobtrackme.com Admin & Commercial | 33 Gulf Connexions jobs@gulfconnexions.com Investment Banking | 34 Headway enquiries@headway.ae ... [truncated]			
UAE / Dubai	Agency	Radiantgroup	Agency / recruiter			info@radiantgroup.ae			To Contact					Medium	Yes	Verify OCR email/domain before outreach	Raw OCR: IMG_8355.HEIC; Raw OCR: IMG_8491.HEIC	OCR raw safety-net row from screenshot | verify before outreach. yp WHR — | gf —— | Top 50 Recruitment d | Companies in UAE E= 2026 = | I Dubai Recruitment Agencies CV Submission # 5 & | verify before outreach. Top 50 recruitment agencies in UAE | 31 Jobtrack jobtrack@jobtrackme.com Admin & Commercial | 33 Gulf Connexions jobs@gulfconnexions.com Investment Banking | 34 Headway enquiries@headway.ae ... [truncated]			
UAE / Dubai	Agency	Randstad	Recruitment agency / staffing contact			corporate.communications@randstad.com			To Contact					Medium	Yes	Run company careers/LinkedIn check	Original tracker: Job Application Data Extraction; Original tracker: Sheet1; Screenshot proposal: proposed-tracker-rows-from-unknown.csv; IMG_8334.HEIC	Move from Unknown into UAE/Dubai agency review queue.	randstad.com; OCR agency-list screenshot; many .ae; dxb; middleeast; and UAE staffing domains. Verify before outreach.		
UAE / Dubai	Agency	Rawafed	Recruitment agency / staffing contact			careers@rawafed.ae			To Contact					High	Yes	Run company careers/LinkedIn check	Current Master Job Tracker; Original tracker: Job Application Data Extraction; Original tracker: Sheet1; Screenshot proposal: proposed-tracker-rows-from-unknown.csv; IMG_8334.HEIC; Raw OCR: IMG_8333.HEIC	Move from Unknown into UAE/Dubai agency review queue. | OCR raw safety-net row from screenshot | verify before outreach. Top recruitment agencies at United Arab Emirates | 1. info@uhrs.ae | 2. jobs@reachgroup.ae | 3. info@receptionistpa.com	rawafed.ae; OCR agency-list screenshot; many .ae; dxb; middleeast; and UAE staffing domains. Verify before outreach.		
UAE / Dubai	Agency	Reach Group				jobs@reachgroup.ae			To Contact					Unknown	Yes	Run company careers/LinkedIn check	Current Master Job Tracker; Original tracker: Job Application Data Extraction; Original tracker: Sheet1				
UAE / Dubai	Agency	Receptionist PA				info@receptionistpa.com			To Contact					Unknown	Yes	Run company careers/LinkedIn check	Original tracker: Job Application Data Extraction; Original tracker: Sheet1				
UAE / Dubai	Agency	Recruitsconsultancy	Agency / recruiter			info@recruitsconsultancy.com			To Contact					Medium	Yes	Verify OCR email/domain before outreach	Raw OCR: IMG_8355.HEIC; Raw OCR: IMG_8491.HEIC	OCR raw safety-net row from screenshot | verify before outreach. yp WHR — | gf —— | Top 50 Recruitment d | Companies in UAE E= 2026 = | I Dubai Recruitment Agencies CV Submission # 5 & | verify before outreach. Top 50 recruitment agencies in UAE | 31 Jobtrack jobtrack@jobtrackme.com Admin & Commercial | 33 Gulf Connexions jobs@gulfconnexions.com Investment Banking | 34 Headway enquiries@headway.ae ... [truncated]			
UAE / Dubai	Agency	Rfsonshr	Agency / recruiter			info@rfsonshr.com	Phone: +971 4 367 1797; Phone: +971 4 585 9309; Phone: +971 50 434 4675; Phone: +971 4 447 2847; Phone: +971 4 355 7222		To Contact					Medium	Yes	Verify OCR email/domain before outreach	Raw OCR: IMG_8396.HEIC	OCR raw safety-net row from screenshot; verify before outreach. v FOLLOW FOR DUBAI JOB-RELATED VIDEOS | BE Email: info@mindfieldresources.com | &: Website: http://www.mindfieldresources.com | Tiger Recruitment	http://www.mindfieldresources.comTiger; https://tiger-recruitment.com/aeRFS; https://www.rfsonshr.comCaliberly; https://caliberly.comParker; https://parkerconnect-me.com#4		
UAE / Dubai	Agency	Sawaeed	Recruitment agency / staffing contact			info@sawaeed.ae			To Contact					High	Yes	Run company careers/LinkedIn check	Current Master Job Tracker; Original tracker: Job Application Data Extraction; Original tracker: Sheet1; Screenshot proposal: proposed-tracker-rows-from-unknown.csv; IMG_8341.HEIC; Raw OCR: IMG_8057.HEIC; Raw OCR: IMG_8333.HEIC; Raw OCR: IMG_8341.HEIC	Move from Unknown into UAE/Dubai agency review queue. | OCR raw safety-net row from screenshot | verify before outreach. @:) Join channel to get daily Dubai job updates W | https://www.instagram.com/channel/ | info@workforce.ae | contact@morganmallet.agency | verify before outreach. Top recruitment agencies at United Arab Emirates | 1. info@uhrs.ae | 2. jobs@reachgroup.ae | 3. info@receptionistpa.com ... [truncated]	sawaeed.ae; OCR agency-list screenshot; many .ae; dxb; middleeast; and UAE staffing domains. Verify before outreach.; https://www.instagram.com/channel/AbZbNHfHrBoK22HT/?		
UAE / Dubai	Agency	Soshrsolutions	Agency / recruiter			recptdxb@soshrsolutions.com			To Contact					Medium	Yes	Verify OCR email/domain before outreach	Raw OCR: IMG_8355.HEIC; Raw OCR: IMG_8491.HEIC	OCR raw safety-net row from screenshot | verify before outreach. yp WHR — | gf —— | Top 50 Recruitment d | Companies in UAE E= 2026 = | I Dubai Recruitment Agencies CV Submission # 5 & | verify before outreach. Top 50 recruitment agencies in UAE | 31 Jobtrack jobtrack@jobtrackme.com Admin & Commercial | 33 Gulf Connexions jobs@gulfconnexions.com Investment Banking | 34 Headway enquiries@headway.ae ... [truncated]			
UAE / Dubai	Agency	Spark	Recruitment agency / staffing contact			sparkmos@spark.ae			To Contact					High	Yes	Run company careers/LinkedIn check	Current Master Job Tracker; Original tracker: Job Application Data Extraction; Original tracker: Sheet1; Screenshot proposal: proposed-tracker-rows-from-unknown.csv; IMG_8334.HEIC; Raw OCR: IMG_8341.HEIC	Move from Unknown into UAE/Dubai agency review queue. | OCR raw safety-net row from screenshot | verify before outreach. 1. info@mackenziejones.com | 2. info@sawaeed.ae | 3. clientmiddleeast@hays.com | 4. info@receptionistpa.com	spark.ae; OCR agency-list screenshot; many .ae; dxb; middleeast; and UAE staffing domains. Verify before outreach.		
UAE / Dubai	Agency	SSA Ltd				ian.mclean@ssaltd.com			To Contact					Unknown	Yes	Run company careers/LinkedIn check	Original tracker: Job Application Data Extraction; Original tracker: Sheet1				
UAE / Dubai	Agency	Styracorp	Agency / recruiter			arshad@styracorp.com			To Contact					Medium	Yes	Verify OCR email/domain before outreach	Raw OCR: IMG_8355.HEIC; Raw OCR: IMG_8491.HEIC	OCR raw safety-net row from screenshot | verify before outreach. yp WHR — | gf —— | Top 50 Recruitment d | Companies in UAE E= 2026 = | I Dubai Recruitment Agencies CV Submission # 5 & | verify before outreach. Top 50 recruitment agencies in UAE | 31 Jobtrack jobtrack@jobtrackme.com Admin & Commercial | 33 Gulf Connexions jobs@gulfconnexions.com Investment Banking | 34 Headway enquiries@headway.ae ... [truncated]			
UAE / Dubai	Agency	Sundus Recruitment				cv@sundusrecruitment.com; info@sundusrecruitment.com			To Contact					Unknown	Yes	Run company careers/LinkedIn check	Original tracker: Job Application Data Extraction; Original tracker: Sheet1				
UAE / Dubai	Agency	Talascend	Recruitment agency / staffing contact			talascend.marketing@talascend.com			To Contact					High	Yes	Run company careers/LinkedIn check	Original tracker: Job Application Data Extraction; Original tracker: Sheet1; Screenshot proposal: proposed-tracker-rows-from-unknown.csv; IMG_8334.HEIC; Raw OCR: IMG_8341.HEIC	Move from Unknown into UAE/Dubai agency review queue. | OCR raw safety-net row from screenshot | verify before outreach. 1. info@mackenziejones.com | 2. info@sawaeed.ae | 3. clientmiddleeast@hays.com | 4. info@receptionistpa.com	talascend.com; OCR agency-list screenshot; many .ae; dxb; middleeast; and UAE staffing domains. Verify before outreach.		
UAE / Dubai	Agency	Talenthuntuae	Agency / recruiter			info@talenthuntuae.com			To Contact					Medium	Yes	Verify OCR email/domain before outreach	Raw OCR: IMG_8355.HEIC; Raw OCR: IMG_8491.HEIC	OCR raw safety-net row from screenshot | verify before outreach. yp WHR — | gf —— | Top 50 Recruitment d | Companies in UAE E= 2026 = | I Dubai Recruitment Agencies CV Submission # 5 & | verify before outreach. Top 50 recruitment agencies in UAE | 31 Jobtrack jobtrack@jobtrackme.com Admin & Commercial | 33 Gulf Connexions jobs@gulfconnexions.com Investment Banking | 34 Headway enquiries@headway.ae ... [truncated]			
UAE / Dubai	Agency	TASC Outsourcing				dxbjobs@tascoutsourcing.com; request@tascoutsourcing.com; info@tascoutsourcing.com			To Contact					Unknown	Yes	Run company careers/LinkedIn check	Original tracker: Job Application Data Extraction; Original tracker: Sheet1				
UAE / Dubai	Agency	Tiger Recruitment	Agency / recruiter			ae-info@tiger-recruitment.com	Phone: +971 4 367 1797; Phone: +971 4 585 9309; Phone: +971 50 434 4675; Phone: +971 4 447 2847; Phone: +971 4 355 7222		To Contact					Medium	Yes	Verify OCR email/domain before outreach	Raw OCR: IMG_8396.HEIC	OCR raw safety-net row from screenshot; verify before outreach. v FOLLOW FOR DUBAI JOB-RELATED VIDEOS | BE Email: info@mindfieldresources.com | &: Website: http://www.mindfieldresources.com | Tiger Recruitment	http://www.mindfieldresources.comTiger; https://tiger-recruitment.com/aeRFS; https://www.rfsonshr.comCaliberly; https://caliberly.comParker; https://parkerconnect-me.com#4		
UAE / Dubai	Agency	UHRS	Recruitment agency / staffing contact			info@uhrs.ae; naveed@uhrs.ae			To Contact					High	Yes	Run company careers/LinkedIn check	Current Master Job Tracker; Original tracker: Job Application Data Extraction; Original tracker: Sheet1; Screenshot proposal: proposed-tracker-rows-from-unknown.csv; IMG_8341.HEIC; Raw OCR: IMG_8333.HEIC; Raw OCR: IMG_8341.HEIC; Raw OCR: ... [truncated]	Move from Unknown into UAE/Dubai agency review queue. | OCR raw safety-net row from screenshot | verify before outreach. Top recruitment agencies at United Arab Emirates | 1. info@uhrs.ae | 2. jobs@reachgroup.ae | 3. info@receptionistpa.com | verify before outreach. 1. info@mackenziejones.com | 2. info@sawaeed.ae | 3. clientmiddleeast@hays.com | 4. info@receptionistpa.com | verify before outreach. yp ... [truncated]	uhrs.ae; OCR agency-list screenshot; many .ae; dxb; middleeast; and UAE staffing domains. Verify before outreach.		
UAE / Dubai	Agency	Vivahrc	Agency / recruiter			cv@vivahrc.com			To Contact					Medium	Yes	Verify OCR email/domain before outreach	Raw OCR: IMG_8355.HEIC; Raw OCR: IMG_8491.HEIC	OCR raw safety-net row from screenshot | verify before outreach. yp WHR — | gf —— | Top 50 Recruitment d | Companies in UAE E= 2026 = | I Dubai Recruitment Agencies CV Submission # 5 & | verify before outreach. Top 50 recruitment agencies in UAE | 31 Jobtrack jobtrack@jobtrackme.com Admin & Commercial | 33 Gulf Connexions jobs@gulfconnexions.com Investment Banking | 34 Headway enquiries@headway.ae ... [truncated]			
UAE / Dubai	Agency	Workforce	Agency / recruiter			info@workforce.ae			To Contact					Medium	Yes	Verify OCR email/domain before outreach	Raw OCR: IMG_8057.HEIC	OCR raw safety-net row from screenshot; verify before outreach. @:) Join channel to get daily Dubai job updates W | https://www.instagram.com/channel/ | info@workforce.ae | contact@morganmallet.agency	https://www.instagram.com/channel/AbZbNHfHrBoK22HT/?		
UAE / Dubai	Agency	Xperts Jobs				cv@xpertsjobs.com			To Contact					Unknown	Yes	Run company careers/LinkedIn check	Original tracker: Job Application Data Extraction; Original tracker: Sheet1				
UAE / Dubai	Direct Employer	2gether	Company career-link lead			https://2gether.global/careers			To Contact					Low	Yes	Run company careers/LinkedIn check	Current Master Job Tracker; Screenshot proposal: uae-dubai-proposed.csv; IMG_8705.HEIC; Screenshot proposal: proposed-tracker-rows-from-unknown.csv	Country/Region: UAE / GCC / MENA | Category: Company career-link lead | Source: IMG_8705.HEIC | Move from Unknown into UAE/GCC direct-employer research queue.	https://2gether.global/careers; 2gether.global/careers; OCR career-link list from screenshot; web/source verification still needed before applying.		
UAE / Dubai	Direct Employer	Abb	Unclassified lead			careers@abb.com			To Contact					Medium	Yes	Verify OCR email/domain before outreach	Raw OCR: IMG_8045.HEIC	OCR raw safety-net row from screenshot; verify before outreach. | ELECTRICAL | ENGINEERING | 1. Siemens UAE - careers@siemens.com | 2. ABB Middle East — careers@abb.com | I | | 8 3. Schneider Electric - careers@se.com | i £8			
UAE / Dubai	Direct Employer	Accor Hotels UAE				hrd@accor.com			To Contact					Unknown	Yes	Run company careers/LinkedIn check	Current Master Job Tracker; Original tracker: Job Application Data Extraction; Original tracker: Sheet1				
UAE / Dubai	Direct Employer	ADCB				careers@adcb.com			Applied					Unknown	Yes	Run company careers/LinkedIn check	Original tracker: Job Application Data Extraction; Original tracker: Sheet1				
UAE / Dubai	Direct Employer	Admsuae	Unclassified lead			info@admsuae.com			To Contact					Medium	Yes	Verify OCR email/domain before outreach	Raw OCR: IMG_8334.HEIC	OCR raw safety-net row from screenshot; verify before outreach. 20. info@inspireselection.com | | 21. dxbjobs@tascoutsourcing.com | 22. request@tascoutsourcing.com | 23. info@tascoutsourcing.com			
UAE / Dubai	Direct Employer	ADNOC Digital	Company career-link lead			https://adnoc.ae/careers			To Contact					Medium	No	Run company careers/LinkedIn check	Current Master Job Tracker; Screenshot proposal: uae-dubai-proposed.csv; IMG_8705.HEIC; Screenshot proposal: proposed-tracker-rows-from-unknown.csv	Country/Region: UAE / GCC / MENA | Category: Company career-link lead | Source: IMG_8705.HEIC | Move from Unknown into UAE/GCC direct-employer research queue.	https://adnoc.ae/careers; adnoc.ae/careers; OCR career-link list from screenshot; web/source verification still needed before applying.		
UAE / Dubai	Direct Employer	AECOM UAE				https://ae-careers.aecom.com/			To Contact					Unknown	Yes	Run company careers/LinkedIn check	Current Master Job Tracker; Original tracker: Job Application Data Extraction; Original tracker: Sheet1				
UAE / Dubai	Direct Employer	Akrs	Unclassified lead			info@akrs.ae			To Contact					Medium	Yes	Verify OCR email/domain before outreach	Raw OCR: IMG_8334.HEIC	OCR raw safety-net row from screenshot; verify before outreach. 20. info@inspireselection.com | | 21. dxbjobs@tascoutsourcing.com | 22. request@tascoutsourcing.com | 23. info@tascoutsourcing.com			
UAE / Dubai	Direct Employer	Alec	Unclassified lead			careers@alec.ae			To Contact					Medium	Yes	Verify OCR email/domain before outreach	Raw OCR: IMG_8045.HEIC	OCR raw safety-net row from screenshot; verify before outreach. | ELECTRICAL | ENGINEERING | 1. Siemens UAE - careers@siemens.com | 2. ABB Middle East — careers@abb.com | I | | 8 3. Schneider Electric - careers@se.com | i £8			
UAE / Dubai	Direct Employer	Aljadaalmushriqa	Unclassified lead			hr@aljadaalmushriqa.ae	+971565580898; +971561123978 5		To Contact					High	Yes	Verify OCR email/domain before outreach	Raw OCR: IMG_8700.HEIC	OCR raw safety-net row from screenshot; verify before outreach. Email IDs of MARKETING SECTOR in Dubai == | gmgmedical09@gmail.com | careers@lifepharmafze.com 0 | 1 hr@aljadaalmushriqa.ae F |			
UAE / Dubai	Direct Employer	Almosafer	Company career-link lead			https://almosafer.com/careers			To Contact					Low	Yes	Run company careers/LinkedIn check	Current Master Job Tracker; Screenshot proposal: uae-dubai-proposed.csv; IMG_8704.HEIC; Screenshot proposal: proposed-tracker-rows-from-unknown.csv	Country/Region: UAE / GCC / MENA | Category: Company career-link lead | Source: IMG_8704.HEIC | Move from Unknown into UAE/GCC direct-employer research queue.	https://almosafer.com/careers; almosafer.com/careers; OCR career-link list from screenshot; web/source verification still needed before applying.		
UAE / Dubai	Direct Employer	Alnaboodah	Unclassified lead			careers@alnaboodah.com			To Contact					Medium	Yes	Verify OCR email/domain before outreach	Raw OCR: IMG_8045.HEIC	OCR raw safety-net row from screenshot; verify before outreach. | ELECTRICAL | ENGINEERING | 1. Siemens UAE - careers@siemens.com | 2. ABB Middle East — careers@abb.com | I | | 8 3. Schneider Electric - careers@se.com | i £8			
UAE / Dubai	Direct Employer	Amazon	Unclassified lead			hirihng@amazon.com			To Contact					Medium	Yes	Verify OCR email/domain before outreach	Raw OCR: IMG_8044.HEIC	OCR raw safety-net row from screenshot; verify before outreach. il | | | oes | \ TECH | SOFTWARE | DIGITAL | yr 1. Google UAE - careers@google.com a | 2. Microsoft Gulf — careers@microsoft.com JR			
UAE / Dubai	Direct Employer	Amazon UAE				aws-careers-emea@amazon.com; hiring@amazon.com		Sr Product Designer found outside UAE	To Contact					Low	Yes	Skip unless open to non-UAE	Current Master Job Tracker; Original tracker: Job Application Data Extraction; Original tracker: Sheet1		https://www.amazon.jobs/jobs/3173021		
UAE / Dubai	Direct Employer	Asgcgroup	Unclassified lead			hr@asgcgroup.com			To Contact					Medium	Yes	Verify OCR email/domain before outreach	Raw OCR: IMG_8045.HEIC	OCR raw safety-net row from screenshot; verify before outreach. | ELECTRICAL | ENGINEERING | 1. Siemens UAE - careers@siemens.com | 2. ABB Middle East — careers@abb.com | I | | 8 3. Schneider Electric - careers@se.com | i £8			
UAE / Dubai	Direct Employer	Asrs	Unclassified lead			info@asrs.ae			To Contact					Medium	Yes	Verify OCR email/domain before outreach	Raw OCR: IMG_8334.HEIC	OCR raw safety-net row from screenshot; verify before outreach. 20. info@inspireselection.com | | 21. dxbjobs@tascoutsourcing.com | 22. request@tascoutsourcing.com | 23. info@tascoutsourcing.com			
UAE / Dubai	Direct Employer	Aster DM Healthcare				careers@asterhospital.com			To Contact					Unknown	Yes	Run company careers/LinkedIn check	Original tracker: Job Application Data Extraction; Original tracker: Sheet1				
UAE / Dubai	Direct Employer	Bayt	Unclassified lead			hr@bayt.com			To Contact					Medium	Yes	Verify OCR email/domain before outreach	Raw OCR: IMG_8044.HEIC	OCR raw safety-net row from screenshot; verify before outreach. il | | | oes | \ TECH | SOFTWARE | DIGITAL | yr 1. Google UAE - careers@google.com a | 2. Microsoft Gulf — careers@microsoft.com JR			
UAE / Dubai	Direct Employer	Bayt.com				hr@bayt.com			To Contact					Unknown	Yes	Run company careers/LinkedIn check	Original tracker: Job Application Data Extraction; Original tracker: Sheet1				
UAE / Dubai	Direct Employer	Beehive	Company career-link lead			https://beehive.ae/careers			To Contact					Medium	No	Run company careers/LinkedIn check	Current Master Job Tracker; Screenshot proposal: uae-dubai-proposed.csv; IMG_8703.HEIC; Screenshot proposal: proposed-tracker-rows-from-unknown.csv	Country/Region: UAE / GCC / MENA | Category: Company career-link lead | Source: IMG_8703.HEIC | Move from Unknown into UAE/GCC direct-employer research queue.	https://beehive.ae/careers; beehive.ae/careers; OCR career-link list from screenshot; web/source verification still needed before applying.		
UAE / Dubai	Direct Employer	Careem	Company career-link lead			careers@careem.com; https://jobs.careem.com/		Senior Product Designer; Senior Product Designer - Design System	To Contact					High	Yes	Tailor resume and apply on company site	Current Master Job Tracker; Original tracker: Job Application Data Extraction; Original tracker: Sheet1; Screenshot proposal: proposed-tracker-rows-from-unknown.csv; IMG_8702.HEIC; Raw OCR: IMG_8044.HEIC	Move from Unknown into UAE/GCC direct-employer research queue. | OCR raw safety-net row from screenshot | verify before outreach. il | oes | \ TECH | SOFTWARE | DIGITAL | yr 1. Google UAE - careers@google.com a | 2. Microsoft Gulf — careers@microsoft.com JR	https://tenurecareers.io/jobs/senior-product-designer-careem-dubai; https://designproject.io/jobs/jobs/senior-product-designer-at-careem-ub5m1e; careem.com/careers; OCR career-link list from screenshot; web/source verification still needed before applying.		
UAE / Dubai	Direct Employer	Carrefour UAE				https://www.carrefouruaecareers.com/			To Contact					Unknown	Yes	Run company careers/LinkedIn check	Current Master Job Tracker; Original tracker: Job Application Data Extraction; Original tracker: Sheet1				
UAE / Dubai	Direct Employer	Cig	Unclassified lead			info@cig.ae			To Contact					Medium	Yes	Verify OCR email/domain before outreach	Raw OCR: IMG_8334.HEIC	OCR raw safety-net row from screenshot; verify before outreach. 20. info@inspireselection.com | | 21. dxbjobs@tascoutsourcing.com | 22. request@tascoutsourcing.com | 23. info@tascoutsourcing.com			
UAE / Dubai	Direct Employer	Crafty	Company career-link lead			https://craftydelivers.com/careers			To Contact					Low	Yes	Run company careers/LinkedIn check	Current Master Job Tracker; Screenshot proposal: uae-dubai-proposed.csv; IMG_8702.HEIC; Screenshot proposal: proposed-tracker-rows-from-unknown.csv	Country/Region: UAE / GCC / MENA | Category: Company career-link lead | Source: IMG_8702.HEIC | Move from Unknown into UAE/GCC direct-employer research queue.	https://craftydelivers.com/careers; craftydelivers.com/careers; OCR career-link list from screenshot; web/source verification still needed before applying.		
UAE / Dubai	Direct Employer	DAMAC Properties				careers@damacgroup.com			To Contact					Unknown	Yes	Run company careers/LinkedIn check	Original tracker: Job Application Data Extraction; Original tracker: Sheet1				
UAE / Dubai	Direct Employer	Deloitte Middle East				careers@deloitte.com			To Contact					Unknown	Yes	Run company careers/LinkedIn check	Current Master Job Tracker; Original tracker: Job Application Data Extraction; Original tracker: Sheet1				
UAE / Dubai	Direct Employer	Derbygroup	Unclassified lead			info@derbygroup.ae			To Contact					Medium	Yes	Verify OCR email/domain before outreach	Raw OCR: IMG_8334.HEIC	OCR raw safety-net row from screenshot; verify before outreach. 20. info@inspireselection.com | | 21. dxbjobs@tascoutsourcing.com | 22. request@tascoutsourcing.com | 23. info@tascoutsourcing.com			
UAE / Dubai	Direct Employer	DEWA				recruitment@dewa.gov.ae			To Contact					Unknown	Yes	Run company careers/LinkedIn check	Current Master Job Tracker; Original tracker: Job Application Data Extraction; Original tracker: Sheet1				
UAE / Dubai	Direct Employer	DP World				careers@dpworld.com			To Contact					Unknown	Yes	Run company careers/LinkedIn check	Original tracker: Job Application Data Extraction; Original tracker: Sheet1				
UAE / Dubai	Direct Employer	du Telecom				careers@du.ae			To Contact					Unknown	Yes	Run company careers/LinkedIn check	Current Master Job Tracker; Original tracker: Job Application Data Extraction; Original tracker: Sheet1				
UAE / Dubai	Direct Employer	Dubai Airports				careers@dubaiairports.ae			To Contact					Unknown	Yes	Run company careers/LinkedIn check	Current Master Job Tracker; Original tracker: Job Application Data Extraction; Original tracker: Sheet1				
UAE / Dubai	Direct Employer	Dubai Municipality				careers@dm.gov.ae			To Contact					Unknown	Yes	Run company careers/LinkedIn check	Current Master Job Tracker; Original tracker: Job Application Data Extraction; Original tracker: Sheet1				
UAE / Dubai	Direct Employer	Dubizzle	Company career-link lead			https://dubizzle.com/careers			To Contact					Medium	No	Run company careers/LinkedIn check	Current Master Job Tracker; Screenshot proposal: uae-dubai-proposed.csv; IMG_8703.HEIC; Screenshot proposal: proposed-tracker-rows-from-unknown.csv	Country/Region: UAE / GCC / MENA | Category: Company career-link lead | Source: IMG_8703.HEIC | Move from Unknown into UAE/GCC direct-employer research queue.	https://dubizzle.com/careers; dubizzle.com/careers; OCR career-link list from screenshot; web/source verification still needed before applying.		
UAE / Dubai	Direct Employer	Dutco	Unclassified lead			careers@dutco.com			To Contact					Medium	Yes	Verify OCR email/domain before outreach	Raw OCR: IMG_8045.HEIC	OCR raw safety-net row from screenshot; verify before outreach. | ELECTRICAL | ENGINEERING | 1. Siemens UAE - careers@siemens.com | 2. ABB Middle East — careers@abb.com | I | | 8 3. Schneider Electric - careers@se.com | i £8			
UAE / Dubai	Direct Employer	Emaar Properties				careers@emaar.ae; https://www.emaar.com/en/careers			To Contact					Unknown	Yes	Run company careers/LinkedIn check	Current Master Job Tracker; Original tracker: Job Application Data Extraction; Original tracker: Sheet1				
UAE / Dubai	Direct Employer	Emirates Group	Unclassified lead			careers@emirates.com; https://www.emiratesgroupcareers.com/; mansoor@emirates.net.ae			To Contact					Medium	Yes	Run company careers/LinkedIn check	Original tracker: Job Application Data Extraction; Original tracker: Sheet1; Raw OCR: IMG_8334.HEIC	OCR raw safety-net row from screenshot | verify before outreach. 20. info@inspireselection.com | 21. dxbjobs@tascoutsourcing.com | 22. request@tascoutsourcing.com | 23. info@tascoutsourcing.com			
UAE / Dubai	Direct Employer	Emirates NBD				careers@emiratesnbd.com			To Contact					Unknown	Yes	Run company careers/LinkedIn check	Original tracker: Job Application Data Extraction; Original tracker: Sheet1				
UAE / Dubai	Direct Employer	Etisalat				careers@etisalat.ae			To Contact					Unknown	Yes	Run company careers/LinkedIn check	Current Master Job Tracker; Original tracker: Job Application Data Extraction; Original tracker: Sheet1				
UAE / Dubai	Direct Employer	Etisalat (e&)				careers@etisalat.ae; https://careers.etisalat.ae/			To Contact					Unknown	Yes	Run company careers/LinkedIn check	Current Master Job Tracker; Original tracker: Job Application Data Extraction; Original tracker: Sheet1				
UAE / Dubai	Direct Employer	EVOQ (Real Estate)				WhatsApp: +971523321256			To Contact					Unknown	Yes	Run company careers/LinkedIn check	Original tracker: Job Application Data Extraction; Original tracker: Sheet1				
UAE / Dubai	Direct Employer	Excellent Webworld	Software / app development company			murad@excellentwebworld.com			To Contact					High	No	Run company careers/LinkedIn check	Current Master Job Tracker; Screenshot proposal: uae-dubai-proposed.csv; IMG_8701.HEIC; Screenshot proposal: proposed-tracker-rows-from-unknown.csv	Country/Region: UAE / Global | Category: Software / app development company | Source: IMG_8701.HEIC | Official site lists UAE office plus global locations.	https://excellentwebworld.com; excellentwebworld.com; https://www.excellentwebworld.com/contact-us/		
UAE / Dubai	Direct Employer	Excellentwebworld	Job lead / direct employer			murad@excellentwebworld.com	Whatsapp: 4971509562357; Whatsapp: 0522516435; Whatsapp: 0567606658		To Contact					High	Yes	Verify OCR email/domain before outreach	Raw OCR: IMG_8701.HEIC	OCR raw safety-net row from screenshot; verify before outreach. Here is the list of IT SECTOR COMPANIES that are | HIRING: | careers@ontimeuae.ae | REKHA.Y@PARAMINFO.COM			
UAE / Dubai	Direct Employer	EY UAE				careers@ae.ey.com			To Contact					Unknown	Yes	Run company careers/LinkedIn check	Current Master Job Tracker; Original tracker: Job Application Data Extraction; Original tracker: Sheet1				
UAE / Dubai	Direct Employer	Fetchr	Company career-link lead			https://fetchr.us/careers			To Contact					Low	Yes	Run company careers/LinkedIn check	Current Master Job Tracker; Screenshot proposal: uae-dubai-proposed.csv; IMG_8702.HEIC; Screenshot proposal: proposed-tracker-rows-from-unknown.csv	Country/Region: UAE / GCC / MENA | Category: Company career-link lead | Source: IMG_8702.HEIC | Move from Unknown into UAE/GCC direct-employer research queue.	https://fetchr.us/careers; fetchr.us/careers; OCR career-link list from screenshot; web/source verification still needed before applying.		
UAE / Dubai	Direct Employer	Flydubai				careers@flydubai.com			To Contact					Unknown	Yes	Run company careers/LinkedIn check	Current Master Job Tracker; Original tracker: Job Application Data Extraction; Original tracker: Sheet1				
UAE / Dubai	Direct Employer	Flyin	Company career-link lead			https://flyin.com/careers			To Contact					Low	Yes	Run company careers/LinkedIn check	Current Master Job Tracker; Screenshot proposal: uae-dubai-proposed.csv; IMG_8704.HEIC; Screenshot proposal: proposed-tracker-rows-from-unknown.csv	Country/Region: UAE / GCC / MENA | Category: Company career-link lead | Source: IMG_8704.HEIC | Move from Unknown into UAE/GCC direct-employer research queue.	https://flyin.com/careers; flyin.com/careers; OCR career-link list from screenshot; web/source verification still needed before applying.		
UAE / Dubai	Direct Employer	Foodics	Company career-link lead			https://foodics.com/careers			To Contact					Low	Yes	Run company careers/LinkedIn check	Current Master Job Tracker; Screenshot proposal: uae-dubai-proposed.csv; IMG_8702.HEIC; Screenshot proposal: proposed-tracker-rows-from-unknown.csv	Country/Region: UAE / GCC / MENA | Category: Company career-link lead | Source: IMG_8702.HEIC | Move from Unknown into UAE/GCC direct-employer research queue.	https://foodics.com/careers; foodics.com/careers; OCR career-link list from screenshot; web/source verification still needed before applying.		
UAE / Dubai	Direct Employer	G42	Company career-link lead			https://g42.ai/careers			To Contact					Medium	No	Run company careers/LinkedIn check	Current Master Job Tracker; Screenshot proposal: uae-dubai-proposed.csv; IMG_8705.HEIC; Screenshot proposal: proposed-tracker-rows-from-unknown.csv	Country/Region: UAE / GCC / MENA | Category: Company career-link lead | Source: IMG_8705.HEIC | Move from Unknown into UAE/GCC direct-employer research queue.	https://g42.ai/careers; g42.ai/careers; OCR career-link list from screenshot; web/source verification still needed before applying.		
UAE / Dubai	Direct Employer	Gmail contact lead	Unclassified lead			gmgmedical09@gmail.com	+971565580898; +971561123978 5		To Contact					High	Yes	Verify OCR email/domain before outreach	Raw OCR: IMG_8700.HEIC	OCR raw safety-net row from screenshot; verify before outreach. Email IDs of MARKETING SECTOR in Dubai == | gmgmedical09@gmail.com | careers@lifepharmafze.com 0 | 1 hr@aljadaalmushriqa.ae F |			
UAE / Dubai	Direct Employer	Google	Unclassified lead			careers@google.com			To Contact					Medium	Yes	Verify OCR email/domain before outreach	Raw OCR: IMG_8044.HEIC	OCR raw safety-net row from screenshot; verify before outreach. il | | | oes | \ TECH | SOFTWARE | DIGITAL | yr 1. Google UAE - careers@google.com a | 2. Microsoft Gulf — careers@microsoft.com JR			
UAE / Dubai	Direct Employer	Google UAE				careers@google.com			To Contact					Low	Yes	Monitor careers	Current Master Job Tracker; Original tracker: Job Application Data Extraction; Original tracker: Sheet1				
UAE / Dubai	Direct Employer	Hays	Unclassified lead			clientmiddleeast@hays.com			To Contact					Medium	Yes	Verify OCR email/domain before outreach	Raw OCR: IMG_8334.HEIC	OCR raw safety-net row from screenshot; verify before outreach. 20. info@inspireselection.com | | 21. dxbjobs@tascoutsourcing.com | 22. request@tascoutsourcing.com | 23. info@tascoutsourcing.com			
UAE / Dubai	Direct Employer	Hilton Hotels UAE				uajobs@hilton.com			To Contact					Unknown	Yes	Run company careers/LinkedIn check	Current Master Job Tracker; Original tracker: Job Application Data Extraction; Original tracker: Sheet1				
UAE / Dubai	Direct Employer	HSBC UAE				careersuae@hsbc.com			To Contact					Unknown	Yes	Run company careers/LinkedIn check	Current Master Job Tracker; Original tracker: Job Application Data Extraction; Original tracker: Sheet1				
UAE / Dubai	Direct Employer	HTP Global Technologies	Technology company			hr@myhtptech.com			To Contact					Medium	No	Run company careers/LinkedIn check	Current Master Job Tracker; Screenshot proposal: uae-dubai-proposed.csv; IMG_8701.HEIC; Screenshot proposal: proposed-tracker-rows-from-unknown.csv	Country/Region: UAE / Dubai | Category: Technology company | Source: IMG_8701.HEIC | Crunchbase result places HTP Global Technologies in Dubai | verify official careers page before outreach.	https://myhtptech.com; myhtptech.com; https://www.crunchbase.com/organization/htp-global-technologies		
UAE / Dubai	Direct Employer	Huspy	Company career-link lead			https://huspy.com/careers			To Contact					Low	Yes	Run company careers/LinkedIn check	Current Master Job Tracker; Screenshot proposal: uae-dubai-proposed.csv; IMG_8703.HEIC; Screenshot proposal: proposed-tracker-rows-from-unknown.csv	Country/Region: UAE / GCC / MENA | Category: Company career-link lead | Source: IMG_8703.HEIC | Move from Unknown into UAE/GCC direct-employer research queue.	https://huspy.com/careers; huspy.com/careers; OCR career-link list from screenshot; web/source verification still needed before applying.		
UAE / Dubai	Direct Employer	Ikonsult	Job lead / direct employer			hiring@ikonsult.in	Whatsapp: 4971509562357; Whatsapp: 0522516435; Whatsapp: 0567606658		To Contact					High	Yes	Verify OCR email/domain before outreach	Raw OCR: IMG_8701.HEIC	OCR raw safety-net row from screenshot; verify before outreach. Here is the list of IT SECTOR COMPANIES that are | HIRING: | careers@ontimeuae.ae | REKHA.Y@PARAMINFO.COM			
UAE / Dubai	Direct Employer	Jumeirah Group				careers@jumeirah.com			To Contact					Unknown	Yes	Run company careers/LinkedIn check	Original tracker: Job Application Data Extraction; Original tracker: Sheet1				
UAE / Dubai	Direct Employer	Khansaheb	Unclassified lead			careers@khansaheb.ae			To Contact					Medium	Yes	Verify OCR email/domain before outreach	Raw OCR: IMG_8045.HEIC	OCR raw safety-net row from screenshot; verify before outreach. | ELECTRICAL | ENGINEERING | 1. Siemens UAE - careers@siemens.com | 2. ABB Middle East — careers@abb.com | I | | 8 3. Schneider Electric - careers@se.com | i £8			
UAE / Dubai	Direct Employer	Kitopi	Company career-link lead			https://kitopi.com/careers			To Contact					Medium	No	Run company careers/LinkedIn check	Current Master Job Tracker; Screenshot proposal: uae-dubai-proposed.csv; IMG_8702.HEIC; Screenshot proposal: proposed-tracker-rows-from-unknown.csv	Country/Region: UAE / GCC / MENA | Category: Company career-link lead | Source: IMG_8702.HEIC | Move from Unknown into UAE/GCC direct-employer research queue.	https://kitopi.com/careers; kitopi.com/careers; OCR career-link list from screenshot; web/source verification still needed before applying.		
UAE / Dubai	Direct Employer	KPMG UAE				careers@kpmg.com			To Contact					Unknown	Yes	Run company careers/LinkedIn check	Current Master Job Tracker; Original tracker: Job Application Data Extraction; Original tracker: Sheet1				
UAE / Dubai	Direct Employer	Larsentoubro	Unclassified lead			infodesk@larsentoubro.com			To Contact					Medium	Yes	Verify OCR email/domain before outreach	Raw OCR: IMG_8045.HEIC	OCR raw safety-net row from screenshot; verify before outreach. | ELECTRICAL | ENGINEERING | 1. Siemens UAE - careers@siemens.com | 2. ABB Middle East — careers@abb.com | I | | 8 3. Schneider Electric - careers@se.com | i £8			
UAE / Dubai	Direct Employer	Latinumhr	Job lead / direct employer			jobs@latinumhr.com	Whatsapp: 4971509562357; Whatsapp: 0522516435; Whatsapp: 0567606658		To Contact					High	Yes	Verify OCR email/domain before outreach	Raw OCR: IMG_8701.HEIC	OCR raw safety-net row from screenshot; verify before outreach. Here is the list of IT SECTOR COMPANIES that are | HIRING: | careers@ontimeuae.ae | REKHA.Y@PARAMINFO.COM			
UAE / Dubai	Direct Employer	Lean Technologies	Company career-link lead			https://leantech.me/careers			To Contact					Low	Yes	Run company careers/LinkedIn check	Current Master Job Tracker; Screenshot proposal: uae-dubai-proposed.csv; IMG_8703.HEIC; Screenshot proposal: proposed-tracker-rows-from-unknown.csv	Country/Region: UAE / GCC / MENA | Category: Company career-link lead | Source: IMG_8703.HEIC | Move from Unknown into UAE/GCC direct-employer research queue.	https://leantech.me/careers; leantech.me/careers; OCR career-link list from screenshot; web/source verification still needed before applying.		
UAE / Dubai	Direct Employer	Lifepharmafze	Unclassified lead			careers@lifepharmafze.com	+971565580898; +971561123978 5		To Contact					High	Yes	Verify OCR email/domain before outreach	Raw OCR: IMG_8700.HEIC	OCR raw safety-net row from screenshot; verify before outreach. Email IDs of MARKETING SECTOR in Dubai == | gmgmedical09@gmail.com | careers@lifepharmafze.com 0 | 1 hr@aljadaalmushriqa.ae F |			
UAE / Dubai	Direct Employer	Majid Al Futtaim				https://careers.majidalfuttaim.com/			To Contact					Unknown	Yes	Run company careers/LinkedIn check	Original tracker: Job Application Data Extraction; Original tracker: Sheet1				
UAE / Dubai	Direct Employer	Mamo Pay	Company career-link lead			https://mamopay.com/careers			To Contact					Low	Yes	Run company careers/LinkedIn check	Current Master Job Tracker; Screenshot proposal: uae-dubai-proposed.csv; IMG_8703.HEIC; Screenshot proposal: proposed-tracker-rows-from-unknown.csv	Country/Region: UAE / GCC / MENA | Category: Company career-link lead | Source: IMG_8703.HEIC | Move from Unknown into UAE/GCC direct-employer research queue.	https://mamopay.com/careers; mamopay.com/careers; OCR career-link list from screenshot; web/source verification still needed before applying.		
UAE / Dubai	Direct Employer	Mangopay MENA	Company career-link lead			https://mangopay.com/careers			To Contact					Low	Yes	Run company careers/LinkedIn check	Current Master Job Tracker; Screenshot proposal: uae-dubai-proposed.csv; IMG_8703.HEIC; Screenshot proposal: proposed-tracker-rows-from-unknown.csv	Country/Region: UAE / GCC / MENA | Category: Company career-link lead | Source: IMG_8703.HEIC | Move from Unknown into UAE/GCC direct-employer research queue.	https://mangopay.com/careers; mangopay.com/careers; OCR career-link list from screenshot; web/source verification still needed before applying.		
UAE / Dubai	Direct Employer	Marriott International UAE				careers@marriott.com			To Contact					Unknown	Yes	Run company careers/LinkedIn check	Current Master Job Tracker; Original tracker: Job Application Data Extraction; Original tracker: Sheet1				
UAE / Dubai	Direct Employer	Mashreq Bank				careers@mashreqbank.com			To Contact					Unknown	Yes	Run company careers/LinkedIn check	Original tracker: Job Application Data Extraction; Original tracker: Sheet1				
UAE / Dubai	Direct Employer	Mediclinic Middle East				recruitment@mediclinic.ae			To Contact					Unknown	Yes	Run company careers/LinkedIn check	Current Master Job Tracker; Original tracker: Job Application Data Extraction; Original tracker: Sheet1				
UAE / Dubai	Direct Employer	Microsoft	Unclassified lead			careers@microsoft.com			To Contact					Medium	Yes	Verify OCR email/domain before outreach	Raw OCR: IMG_8044.HEIC	OCR raw safety-net row from screenshot; verify before outreach. il | | | oes | \ TECH | SOFTWARE | DIGITAL | yr 1. Google UAE - careers@google.com a | 2. Microsoft Gulf — careers@microsoft.com JR			
UAE / Dubai	Direct Employer	Microsoft Gulf				careers@microsoft.com			To Contact					Unknown	Yes	Run company careers/LinkedIn check	Original tracker: Job Application Data Extraction; Original tracker: Sheet1				
UAE / Dubai	Direct Employer	Myhtptech	Job lead / direct employer			hr@myhtptech.com	Whatsapp: 4971509562357; Whatsapp: 0522516435; Whatsapp: 0567606658		To Contact					High	Yes	Verify OCR email/domain before outreach	Raw OCR: IMG_8701.HEIC	OCR raw safety-net row from screenshot; verify before outreach. Here is the list of IT SECTOR COMPANIES that are | HIRING: | careers@ontimeuae.ae | REKHA.Y@PARAMINFO.COM			
UAE / Dubai	Direct Employer	Nakheel				careers@nakheel.com			To Contact					Unknown	Yes	Run company careers/LinkedIn check	Original tracker: Job Application Data Extraction; Original tracker: Sheet1				
UAE / Dubai	Direct Employer	Noon	Unclassified lead			talent@noon.com; careers@noon.com			To Contact					Medium	Yes	Run company careers/LinkedIn check	Original tracker: Job Application Data Extraction; Original tracker: Sheet1; Raw OCR: IMG_8044.HEIC	OCR raw safety-net row from screenshot | verify before outreach. il | oes | \ TECH | SOFTWARE | DIGITAL | yr 1. Google UAE - careers@google.com a | 2. Microsoft Gulf — careers@microsoft.com JR			
UAE / Dubai	Direct Employer	Now Money	Company career-link lead			https://nowmoney.me/careers			To Contact					Low	Yes	Run company careers/LinkedIn check	Current Master Job Tracker; Screenshot proposal: uae-dubai-proposed.csv; IMG_8703.HEIC; Screenshot proposal: proposed-tracker-rows-from-unknown.csv	Country/Region: UAE / GCC / MENA | Category: Company career-link lead | Source: IMG_8703.HEIC | Move from Unknown into UAE/GCC direct-employer research queue.	https://nowmoney.me/careers; nowmoney.me/careers; OCR career-link list from screenshot; web/source verification still needed before applying.		
UAE / Dubai	Direct Employer	NymCard	Company career-link lead			https://nymcard.com/careers			To Contact					Low	Yes	Run company careers/LinkedIn check	Current Master Job Tracker; Screenshot proposal: uae-dubai-proposed.csv; IMG_8703.HEIC; Screenshot proposal: proposed-tracker-rows-from-unknown.csv	Country/Region: UAE / GCC / MENA | Category: Company career-link lead | Source: IMG_8703.HEIC | Move from Unknown into UAE/GCC direct-employer research queue.	https://nymcard.com/careers; nymcard.com/careers; OCR career-link list from screenshot; web/source verification still needed before applying.		
UAE / Dubai	Direct Employer	Ontimeuae	Job lead / direct employer			careers@ontimeuae.ae	Whatsapp: 4971509562357; Whatsapp: 0522516435; Whatsapp: 0567606658		To Contact					High	Yes	Verify OCR email/domain before outreach	Raw OCR: IMG_8701.HEIC	OCR raw safety-net row from screenshot; verify before outreach. Here is the list of IT SECTOR COMPANIES that are | HIRING: | careers@ontimeuae.ae | REKHA.Y@PARAMINFO.COM			
UAE / Dubai	Direct Employer	Oracle	Unclassified lead			oraclecareers@oracle.com			To Contact					Medium	Yes	Verify OCR email/domain before outreach	Raw OCR: IMG_8044.HEIC	OCR raw safety-net row from screenshot; verify before outreach. il | | | oes | \ TECH | SOFTWARE | DIGITAL | yr 1. Google UAE - careers@google.com a | 2. Microsoft Gulf — careers@microsoft.com JR			
UAE / Dubai	Direct Employer	Oracle Middle East				oraclecareers@oracle.com			To Contact					Unknown	Yes	Run company careers/LinkedIn check	Current Master Job Tracker; Original tracker: Job Application Data Extraction; Original tracker: Sheet1				
UAE / Dubai	Direct Employer	Paraminfo	Job lead / direct employer			rekha.y@paraminfo.com	Whatsapp: 4971509562357; Whatsapp: 0522516435; Whatsapp: 0567606658		To Contact					High	Yes	Verify OCR email/domain before outreach	Raw OCR: IMG_8701.HEIC	OCR raw safety-net row from screenshot; verify before outreach. Here is the list of IT SECTOR COMPANIES that are | HIRING: | careers@ontimeuae.ae | REKHA.Y@PARAMINFO.COM			
UAE / Dubai	Direct Employer	Presight AI	Company career-link lead			https://presight.ai/careers			To Contact					Medium	No	Run company careers/LinkedIn check	Current Master Job Tracker; Screenshot proposal: uae-dubai-proposed.csv; IMG_8705.HEIC; Screenshot proposal: proposed-tracker-rows-from-unknown.csv	Country/Region: UAE / GCC / MENA | Category: Company career-link lead | Source: IMG_8705.HEIC | Move from Unknown into UAE/GCC direct-employer research queue.	https://presight.ai/careers; presight.ai/careers; OCR career-link list from screenshot; web/source verification still needed before applying.		
UAE / Dubai	Direct Employer	Property Finder	Company career-link lead		careers@propertyfinder.ae	careers@propertyfinder.ae		Product Designer	Applied	2026-06-02	2026-06-02	2026-06-09	No Reply	High	Yes	Apply now with tailored resume and email	Current Master Job Tracker; Original tracker: Job Application Data Extraction; Original tracker: Sheet1; Screenshot proposal: proposed-tracker-rows-from-unknown.csv; IMG_8703.HEIC; Gmail sent last month	ATS 86/100. Tailored resume: resumes/property-finder-product-designer-resume.md. Report: resumes/property-finder-product-designer-ats-report.md. Figma: https://www.figma.com/design/or9EJUqIuF1yN5SEJ15LtP | Gmail sent id: 19e896596bf0a734 | Move from Unknown into UAE/GCC direct-employer research queue. | Tailored Product Designer application sent to Property Finder careers.	https://www.remotedxb.com/job/product-designer-property-finder; propertyfinder.ae/careers; OCR career-link list from screenshot; web/source verification still needed before applying.	19e896596bf0a734	19e896596bf0a734
UAE / Dubai	Direct Employer	Propertyfinder	Unclassified lead			careers@propertyfinder.ae			To Contact					Medium	Yes	Verify OCR email/domain before outreach	Raw OCR: IMG_8044.HEIC	OCR raw safety-net row from screenshot; verify before outreach. il | | | oes | \ TECH | SOFTWARE | DIGITAL | yr 1. Google UAE - careers@google.com a | 2. Microsoft Gulf — careers@microsoft.com JR			
UAE / Dubai	Direct Employer	PwC Middle East				careers@pwc.com			To Contact					Unknown	Yes	Run company careers/LinkedIn check	Current Master Job Tracker; Original tracker: Job Application Data Extraction; Original tracker: Sheet1				
UAE / Dubai	Direct Employer	Pyypl	Company career-link lead			https://pyypl.com/careers			To Contact					Low	Yes	Run company careers/LinkedIn check	Current Master Job Tracker; Screenshot proposal: uae-dubai-proposed.csv; IMG_8703.HEIC; Screenshot proposal: proposed-tracker-rows-from-unknown.csv	Country/Region: UAE / GCC / MENA | Category: Company career-link lead | Source: IMG_8703.HEIC | Move from Unknown into UAE/GCC direct-employer research queue.	https://pyypl.com/careers; pyypl.com/careers; OCR career-link list from screenshot; web/source verification still needed before applying.		
UAE / Dubai	Direct Employer	Rawafed	Unclassified lead			careers@rawafed.ae			To Contact					Medium	Yes	Verify OCR email/domain before outreach	Raw OCR: IMG_8334.HEIC	OCR raw safety-net row from screenshot; verify before outreach. 20. info@inspireselection.com | | 21. dxbjobs@tascoutsourcing.com | 22. request@tascoutsourcing.com | 23. info@tascoutsourcing.com			
UAE / Dubai	Direct Employer	Riderarabia	Job lead / direct employer			hr@riderarabia.com			To Contact					Medium	Yes	Verify OCR email/domain before outreach	Raw OCR: IMG_8496.HEIC	"OCR raw safety-net row from screenshot; verify before outreach. alo A C LJ | Le 4 | ""New Job opportunity in Abu Dhabi!"" | Hiring — Airport Coordinators # | T Location: Abu Dhabi, UAE"			
UAE / Dubai	Direct Employer	Rotana Hotels				https://www.rotanacareers.com/			To Contact					Unknown	Yes	Run company careers/LinkedIn check	Original tracker: Job Application Data Extraction; Original tracker: Sheet1				
UAE / Dubai	Direct Employer	RTA Dubai				hr@rta.ae			To Contact					Unknown	Yes	Run company careers/LinkedIn check	Current Master Job Tracker; Original tracker: Job Application Data Extraction; Original tracker: Sheet1				
UAE / Dubai	Direct Employer	Sap	Unclassified lead			careers@sap.com			To Contact					Medium	Yes	Verify OCR email/domain before outreach	Raw OCR: IMG_8044.HEIC	OCR raw safety-net row from screenshot; verify before outreach. il | | | oes | \ TECH | SOFTWARE | DIGITAL | yr 1. Google UAE - careers@google.com a | 2. Microsoft Gulf — careers@microsoft.com JR			
UAE / Dubai	Direct Employer	SAP Middle East				careers@sap.com			To Contact					Low	Yes	Monitor careers	Current Master Job Tracker; Original tracker: Job Application Data Extraction; Original tracker: Sheet1				
UAE / Dubai	Direct Employer	Sarwa	Company career-link lead			https://sarwa.co/careers			To Contact					Low	Yes	Run company careers/LinkedIn check	Current Master Job Tracker; Screenshot proposal: uae-dubai-proposed.csv; IMG_8703.HEIC; Screenshot proposal: proposed-tracker-rows-from-unknown.csv	Country/Region: UAE / GCC / MENA | Category: Company career-link lead | Source: IMG_8703.HEIC | Move from Unknown into UAE/GCC direct-employer research queue.	https://sarwa.co/careers; sarwa.co/careers; OCR career-link list from screenshot; web/source verification still needed before applying.		
UAE / Dubai	Direct Employer	Saudi German Hospital Dubai				careers@saudigerman.com			To Contact					Unknown	Yes	Run company careers/LinkedIn check	Current Master Job Tracker; Original tracker: Job Application Data Extraction; Original tracker: Sheet1				
UAE / Dubai	Direct Employer	Se	Unclassified lead			careers@se.com			To Contact					Medium	Yes	Verify OCR email/domain before outreach	Raw OCR: IMG_8045.HEIC	OCR raw safety-net row from screenshot; verify before outreach. | ELECTRICAL | ENGINEERING | 1. Siemens UAE - careers@siemens.com | 2. ABB Middle East — careers@abb.com | I | | 8 3. Schneider Electric - careers@se.com | i £8			
UAE / Dubai	Direct Employer	Seidor	Unclassified lead			hr.mena@seidor.com	+971565580898; +971561123978 5		To Contact					High	Yes	Verify OCR email/domain before outreach	Raw OCR: IMG_8700.HEIC	OCR raw safety-net row from screenshot; verify before outreach. Email IDs of MARKETING SECTOR in Dubai == | gmgmedical09@gmail.com | careers@lifepharmafze.com 0 | 1 hr@aljadaalmushriqa.ae F |			
UAE / Dubai	Direct Employer	Siemens	Unclassified lead			careers@siemens.com			To Contact					Medium	Yes	Verify OCR email/domain before outreach	Raw OCR: IMG_8045.HEIC	OCR raw safety-net row from screenshot; verify before outreach. | ELECTRICAL | ENGINEERING | 1. Siemens UAE - careers@siemens.com | 2. ABB Middle East — careers@abb.com | I | | 8 3. Schneider Electric - careers@se.com | i £8			
UAE / Dubai	Direct Employer	Sole DXB	Creative / culture platform			jobs@soledxb.com			To Contact					High	No	Run company careers/LinkedIn check	Current Master Job Tracker; Screenshot proposal: uae-dubai-proposed.csv; IMG_9184.HEIC; Screenshot proposal: proposed-tracker-rows-from-unknown.csv	Country/Region: UAE / Dubai | Category: Creative / culture platform | Source: IMG_9184.HEIC | Move to Dubai direct employers.	https://soledxb.com; soledxb.com; https://www.linkedin.com/company/soledxb1; https://soledxb.com/		
UAE / Dubai	Direct Employer	Spark	Unclassified lead			sparkmos@spark.ae			To Contact					Medium	Yes	Verify OCR email/domain before outreach	Raw OCR: IMG_8334.HEIC	OCR raw safety-net row from screenshot; verify before outreach. 20. info@inspireselection.com | | 21. dxbjobs@tascoutsourcing.com | 22. request@tascoutsourcing.com | 23. info@tascoutsourcing.com			
UAE / Dubai	Direct Employer	Spotii	Company career-link lead			https://spotii.me/careers			To Contact					Low	Yes	Run company careers/LinkedIn check	Current Master Job Tracker; Screenshot proposal: uae-dubai-proposed.csv; IMG_8704.HEIC; Screenshot proposal: proposed-tracker-rows-from-unknown.csv	Country/Region: UAE / GCC / MENA | Category: Company career-link lead | Source: IMG_8704.HEIC | Move from Unknown into UAE/GCC direct-employer research queue.	https://spotii.me/careers; spotii.me/careers; OCR career-link list from screenshot; web/source verification still needed before applying.		
UAE / Dubai	Direct Employer	Stake	Company career-link lead			https://getstake.com/careers			To Contact					Low	Yes	Run company careers/LinkedIn check	Current Master Job Tracker; Screenshot proposal: uae-dubai-proposed.csv; IMG_8703.HEIC; Screenshot proposal: proposed-tracker-rows-from-unknown.csv	Country/Region: UAE / GCC / MENA | Category: Company career-link lead | Source: IMG_8703.HEIC | Move from Unknown into UAE/GCC direct-employer research queue.	https://getstake.com/careers; getstake.com/careers; OCR career-link list from screenshot; web/source verification still needed before applying.		
UAE / Dubai	Direct Employer	Standard Chartered UAE				careers@sc.com			To Contact					Unknown	Yes	Run company careers/LinkedIn check	Current Master Job Tracker; Original tracker: Job Application Data Extraction; Original tracker: Sheet1				
UAE / Dubai	Direct Employer	Swvl	Company career-link lead			https://swvl.com/careers			To Contact					Low	Yes	Run company careers/LinkedIn check	Current Master Job Tracker; Screenshot proposal: uae-dubai-proposed.csv; IMG_8702.HEIC; Screenshot proposal: proposed-tracker-rows-from-unknown.csv	Country/Region: UAE / GCC / MENA | Category: Company career-link lead | Source: IMG_8702.HEIC | Move from Unknown into UAE/GCC direct-employer research queue.	https://swvl.com/careers; swvl.com/careers; OCR career-link list from screenshot; web/source verification still needed before applying.		
UAE / Dubai	Direct Employer	Tabby	Company career-link lead			https://tabby.ai/careers			To Contact					Low	Yes	Run company careers/LinkedIn check	Current Master Job Tracker; Screenshot proposal: uae-dubai-proposed.csv; IMG_8704.HEIC; Screenshot proposal: proposed-tracker-rows-from-unknown.csv	Country/Region: UAE / GCC / MENA | Category: Company career-link lead | Source: IMG_8704.HEIC | Move from Unknown into UAE/GCC direct-employer research queue.	https://tabby.ai/careers; tabby.ai/careers; OCR career-link list from screenshot; web/source verification still needed before applying.		
UAE / Dubai	Direct Employer	Talabat	Company career-link lead			careers@talabat.com; https://corporate.talabat.com/careers/			To Contact					Medium	Yes	Run company careers/LinkedIn check	Original tracker: Job Application Data Extraction; Original tracker: Sheet1; Screenshot proposal: proposed-tracker-rows-from-unknown.csv; IMG_8702.HEIC; Raw OCR: IMG_8044.HEIC	Move from Unknown into UAE/GCC direct-employer research queue. | OCR raw safety-net row from screenshot | verify before outreach. il | oes | \ TECH | SOFTWARE | DIGITAL | yr 1. Google UAE - careers@google.com a | 2. Microsoft Gulf — careers@microsoft.com JR	talabat.com/careers; OCR career-link list from screenshot; web/source verification still needed before applying.		
UAE / Dubai	Direct Employer	Talentmate	Unclassified lead			pmmo3@talentmate.com	+971565580898; +971561123978 5		To Contact					High	Yes	Verify OCR email/domain before outreach	Raw OCR: IMG_8700.HEIC	OCR raw safety-net row from screenshot; verify before outreach. Email IDs of MARKETING SECTOR in Dubai == | gmgmedical09@gmail.com | careers@lifepharmafze.com 0 | 1 hr@aljadaalmushriqa.ae F |			
UAE / Dubai	Direct Employer	Tamara	Company career-link lead			https://tamara.co/careers			To Contact					Low	Yes	Run company careers/LinkedIn check	Current Master Job Tracker; Screenshot proposal: uae-dubai-proposed.csv; IMG_8704.HEIC; Screenshot proposal: proposed-tracker-rows-from-unknown.csv	Country/Region: UAE / GCC / MENA | Category: Company career-link lead | Source: IMG_8704.HEIC | Move from Unknown into UAE/GCC direct-employer research queue.	https://tamara.co/careers; tamara.co/careers; OCR career-link list from screenshot; web/source verification still needed before applying.		
UAE / Dubai	Direct Employer	Techbridge	Unclassified lead			careers@techbridge.com	+971565580898; +971561123978 5		To Contact					High	Yes	Verify OCR email/domain before outreach	Raw OCR: IMG_8700.HEIC	OCR raw safety-net row from screenshot; verify before outreach. Email IDs of MARKETING SECTOR in Dubai == | gmgmedical09@gmail.com | careers@lifepharmafze.com 0 | 1 hr@aljadaalmushriqa.ae F |			
UAE / Dubai	Direct Employer	Tishtash	Job lead / direct employer			careers@tishtash.com			To Contact					Medium	Yes	Verify OCR email/domain before outreach	Raw OCR: IMG_8335.HEIC	OCR raw safety-net row from screenshot; verify before outreach. Ne are hiring for two distinct roles, = es | tishtashtalks We're hiring == | Two full time, video-first creators to join our Dubai HQ. | Send your CV and showreel to careers@tishtash.com			
UAE / Dubai	Direct Employer	Trukker / Tenderd	Company career-link lead			https://tenderd.com/careers			To Contact					Low	Yes	Run company careers/LinkedIn check	Current Master Job Tracker; Screenshot proposal: uae-dubai-proposed.csv; IMG_8702.HEIC; Screenshot proposal: proposed-tracker-rows-from-unknown.csv	Country/Region: UAE / GCC / MENA | Category: Company career-link lead | Source: IMG_8702.HEIC | Move from Unknown into UAE/GCC direct-employer research queue.	https://tenderd.com/careers; tenderd.com/careers; OCR career-link list from screenshot; web/source verification still needed before applying.		
UAE / Dubai	Direct Employer	Voltas	Unclassified lead			careers@voltas.com			To Contact					Medium	Yes	Verify OCR email/domain before outreach	Raw OCR: IMG_8045.HEIC	OCR raw safety-net row from screenshot; verify before outreach. | ELECTRICAL | ENGINEERING | 1. Siemens UAE - careers@siemens.com | 2. ABB Middle East — careers@abb.com | I | | 8 3. Schneider Electric - careers@se.com | i £8			
UAE / Dubai	Direct Employer	Vtalentsolution	Job lead / direct employer			phu.vuong@vtalentsolution.com	0768 875 139		To Contact					High	Yes	Verify OCR email/domain before outreach	Raw OCR: IMG_8058.HEIC	OCR raw safety-net row from screenshot; verify before outreach. Amit Yadav @ - 1st eee X | Base4d4 Vibe Coding Specialist | Al Product... | Hiring UX/UI Designer in Dubai | For more UX/UI/Product Design roles - https://			
UAE / Dubai	Direct Employer	Wio Bank	Company career-link lead			https://wio.io/careers			To Contact					Medium	No	Run company careers/LinkedIn check	Current Master Job Tracker; Screenshot proposal: uae-dubai-proposed.csv; IMG_8703.HEIC; Screenshot proposal: proposed-tracker-rows-from-unknown.csv	Country/Region: UAE / GCC / MENA | Category: Company career-link lead | Source: IMG_8703.HEIC | Move from Unknown into UAE/GCC direct-employer research queue.	https://wio.io/careers; wio.io/careers; OCR career-link list from screenshot; web/source verification still needed before applying.		
UAE / Dubai	Direct Employer	Yallacompare	Company career-link lead			https://yallacompare.com/careers			To Contact					Low	Yes	Run company careers/LinkedIn check	Current Master Job Tracker; Screenshot proposal: uae-dubai-proposed.csv; IMG_8703.HEIC; Screenshot proposal: proposed-tracker-rows-from-unknown.csv	Country/Region: UAE / GCC / MENA | Category: Company career-link lead | Source: IMG_8703.HEIC | Move from Unknown into UAE/GCC direct-employer research queue.	https://yallacompare.com/careers; yallacompare.com/careers; OCR career-link list from screenshot; web/source verification still needed before applying.		
UAE / Dubai	Direct Employer	YAP	Company career-link lead			https://yap.com/careers			To Contact					Low	Yes	Run company careers/LinkedIn check	Current Master Job Tracker; Screenshot proposal: uae-dubai-proposed.csv; IMG_8703.HEIC; Screenshot proposal: proposed-tracker-rows-from-unknown.csv	Country/Region: UAE / GCC / MENA | Category: Company career-link lead | Source: IMG_8703.HEIC | Move from Unknown into UAE/GCC direct-employer research queue.	https://yap.com/careers; yap.com/careers; OCR career-link list from screenshot; web/source verification still needed before applying.		
UAE / Dubai	Direct Employer	Ziina	Company career-link lead		anton.badashov@ziina.com; jocelyn.meyer@ziina.com	https://ziina.com/careers; anton.badashov@ziina.com; jocelyn.meyer@ziina.com		Senior Product Designer	Applied	2026-06-02	2026-06-02	2026-06-09	No Reply	High	Yes	Run company careers/LinkedIn check	Current Master Job Tracker; Screenshot proposal: uae-dubai-proposed.csv; IMG_8703.HEIC; Screenshot proposal: proposed-tracker-rows-from-unknown.csv; Gmail sent last month	Country/Region: UAE / GCC / MENA | Category: Company career-link lead | Source: IMG_8703.HEIC | Move from Unknown into UAE/GCC direct-employer research queue. | Tailored fintech/wallet UX CV sent.	https://ziina.com/careers; ziina.com/careers; OCR career-link list from screenshot; web/source verification still needed before applying.; https://job-boards.greenhouse.io/ziina/jobs/4631469101	19e898b575624043	19e898b575624043
UAE / Dubai	LinkedIn Search	ACX				Find via LinkedIn/Website			To Contact					Unknown	Yes	Run company careers/LinkedIn check	Original tracker: Job Application Data Extraction; Original tracker: Sheet1				
UAE / Dubai	LinkedIn Search	Addenda				Find via LinkedIn/Website			To Contact					Unknown	Yes	Run company careers/LinkedIn check	Original tracker: Job Application Data Extraction; Original tracker: Sheet1				
UAE / Dubai	LinkedIn Search	Amwal				Find via LinkedIn/Website			To Contact					Unknown	Yes	Run company careers/LinkedIn check	Original tracker: Job Application Data Extraction; Original tracker: Sheet1				
UAE / Dubai	LinkedIn Search	Caliberly				Find via LinkedIn/Website			To Contact					Unknown	Yes	Run company careers/LinkedIn check	Original tracker: Job Application Data Extraction; Original tracker: Sheet1				
UAE / Dubai	LinkedIn Search	Cander				Find via LinkedIn/Website			To Contact					Unknown	Yes	Run company careers/LinkedIn check	Original tracker: Job Application Data Extraction; Original tracker: Sheet1				
UAE / Dubai	LinkedIn Search	Careers	Job lead / direct employer						To Contact					Medium	Yes	Open form/careers URL and verify role	Raw OCR: IMG_8721.HEIC	OCR raw safety-net row from screenshot | verify before outreach. https://careers.careem.com/ | Dubai Health Authorit | https://www.chalhoubgroup.com/en/careers | https://careers.du.aef	https://careers.careem.com/Dubai; https://careers.du.aefHiring		
UAE / Dubai	LinkedIn Search	Chalhoubgroup	Job lead / direct employer						To Contact					Medium	Yes	Open form/careers URL and verify role	Raw OCR: IMG_8721.HEIC	OCR raw safety-net row from screenshot; verify before outreach. https://careers.careem.com/ | Dubai Health Authorit | https://www.chalhoubgroup.com/en/careers | https://careers.du.aef	https://www.chalhoubgroup.com/en/careersEtisalat		
UAE / Dubai	LinkedIn Search	Charterhouse				Find via LinkedIn/Website			To Contact					Unknown	Yes	Run company careers/LinkedIn check	Original tracker: Job Application Data Extraction; Original tracker: Sheet1				
UAE / Dubai	LinkedIn Search	Cooper Fitch				Find via LinkedIn/Website			To Contact					Unknown	Yes	Run company careers/LinkedIn check	Original tracker: Job Application Data Extraction; Original tracker: Sheet1				
UAE / Dubai	LinkedIn Search	Dubizzle	Job lead / direct employer						To Contact					Medium	Yes	Open form/careers URL and verify role	Raw OCR: IMG_8721.HEIC	OCR raw safety-net row from screenshot; verify before outreach. https://careers.careem.com/ | Dubai Health Authorit | https://www.chalhoubgroup.com/en/careers | https://careers.du.aef	http://dubizzle.com/careersTabby		
UAE / Dubai	LinkedIn Search	Greengage				Find via LinkedIn/Website			To Contact					Unknown	Yes	Run company careers/LinkedIn check	Original tracker: Job Application Data Extraction; Original tracker: Sheet1				
UAE / Dubai	LinkedIn Search	Halian				Find via LinkedIn/Website			To Contact					Unknown	Yes	Run company careers/LinkedIn check	Original tracker: Job Application Data Extraction; Original tracker: Sheet1				
UAE / Dubai	LinkedIn Search	KinFitz & Co				Find via LinkedIn/Website			To Contact					Unknown	Yes	Run company careers/LinkedIn check	Original tracker: Job Application Data Extraction; Original tracker: Sheet1				
UAE / Dubai	LinkedIn Search	Kitodi	Job lead / direct employer						To Contact					Medium	Yes	Open form/careers URL and verify role	Raw OCR: IMG_8721.HEIC	OCR raw safety-net row from screenshot; verify before outreach. https://careers.careem.com/ | Dubai Health Authorit | https://www.chalhoubgroup.com/en/careers | https://careers.du.aef	http://kitodi.com/careersi		
UAE / Dubai	LinkedIn Search	Masdar				Find via LinkedIn/Website			To Contact					Unknown	Yes	Run company careers/LinkedIn check	Original tracker: Job Application Data Extraction; Original tracker: Sheet1				
UAE / Dubai	LinkedIn Search	Million				Find via LinkedIn/Website			To Contact					Unknown	Yes	Run company careers/LinkedIn check	Original tracker: Job Application Data Extraction; Original tracker: Sheet1				
UAE / Dubai	LinkedIn Search	Neeraj / portfolio hiring lead				neerajiwtwrs@gmail.com			To Contact					Unknown	Yes	Run company careers/LinkedIn check	Current Master Job Tracker	Keep for manual review, not Dubai.			
UAE / Dubai	LinkedIn Search	Petty				Find via LinkedIn/Website			To Contact					Unknown	Yes	Run company careers/LinkedIn check	Original tracker: Job Application Data Extraction; Original tracker: Sheet1				
UAE / Dubai	LinkedIn Search	Salt				Find via LinkedIn/Website			To Contact					Unknown	Yes	Run company careers/LinkedIn check	Original tracker: Job Application Data Extraction; Original tracker: Sheet1				
UAE / Dubai	LinkedIn Search	She is Arab				Find via LinkedIn/Website			To Contact					Unknown	Yes	Run company careers/LinkedIn check	Original tracker: Job Application Data Extraction; Original tracker: Sheet1				
UAE / Dubai	LinkedIn Search	Sparklo				Find via LinkedIn/Website			To Contact					Unknown	Yes	Run company careers/LinkedIn check	Original tracker: Job Application Data Extraction; Original tracker: Sheet1				
UAE / Dubai	LinkedIn Search	Umatr				Find via LinkedIn/Website			To Contact					Unknown	Yes	Run company careers/LinkedIn check	Original tracker: Job Application Data Extraction; Original tracker: Sheet1				
UAE / GCC	Agency	Accor	Agency / recruiter			hrd@accor.com			To Contact					High	Yes	Verify OCR email/domain before outreach	Raw OCR: IMG_8342.HEIC	OCR raw safety-net row from screenshot; verify before outreach. 19:01 a! 56 @ | careers@emaar.ae | 2. DP World Careers — careers@dpworld.com | 3. Dubai Airports Careers — careers@dubaiairports.ae			
UAE / GCC	Agency	Adcb	Agency / recruiter			careers@adcb.com			To Contact					High	Yes	Verify OCR email/domain before outreach	Raw OCR: IMG_8342.HEIC	OCR raw safety-net row from screenshot; verify before outreach. 19:01 a! 56 @ | careers@emaar.ae | 2. DP World Careers — careers@dpworld.com | 3. Dubai Airports Careers — careers@dubaiairports.ae			
UAE / GCC	Agency	Admsuae	Recruitment agency / staffing contact			info@admsuae.com			To Contact					High	Yes	Run agency website/LinkedIn check	Screenshot proposal: proposed-tracker-rows-from-unknown.csv; IMG_8334.HEIC; Raw OCR: IMG_8333.HEIC; Raw OCR: IMG_8341.HEIC	Move from Unknown into UAE/Dubai agency review queue. | OCR raw safety-net row from screenshot | verify before outreach. Top recruitment agencies at United Arab Emirates | 1. info@uhrs.ae | 2. jobs@reachgroup.ae | 3. info@receptionistpa.com | verify before outreach. 1. info@mackenziejones.com | 2. info@sawaeed.ae | 3. clientmiddleeast@hays.com | 4. info@receptionistpa.com	admsuae.com; OCR agency-list screenshot; many .ae; dxb; middleeast; and UAE staffing domains. Verify before outreach.		
UAE / GCC	Agency	Ae	Agency / recruiter			careers@ae.ey.com			To Contact					High	Yes	Verify OCR email/domain before outreach	Raw OCR: IMG_8342.HEIC	OCR raw safety-net row from screenshot; verify before outreach. 19:01 a! 56 @ | careers@emaar.ae | 2. DP World Careers — careers@dpworld.com | 3. Dubai Airports Careers — careers@dubaiairports.ae			
UAE / GCC	Agency	Almansoorgroup	Recruitment agency / staffing contact			info@almansoorgroup.com			To Contact					High	Yes	Run agency website/LinkedIn check	Screenshot proposal: proposed-tracker-rows-from-unknown.csv; IMG_8334.HEIC; Raw OCR: IMG_8341.HEIC	Move from Unknown into UAE/Dubai agency review queue. | OCR raw safety-net row from screenshot | verify before outreach. 1. info@mackenziejones.com | 2. info@sawaeed.ae | 3. clientmiddleeast@hays.com | 4. info@receptionistpa.com	almansoorgroup.com; OCR agency-list screenshot; many .ae; dxb; middleeast; and UAE staffing domains. Verify before outreach.		
UAE / GCC	Agency	Alnahiya	Recruitment agency / staffing contact			enquiries@alnahiya.com; info@alnahiya.com			To Contact					High	Yes	Run agency website/LinkedIn check	Screenshot proposal: proposed-tracker-rows-from-unknown.csv; IMG_8334.HEIC; IMG_8341.HEIC; Raw OCR: IMG_8333.HEIC; Raw OCR: IMG_8341.HEIC	Move from Unknown into UAE/Dubai agency review queue. | OCR raw safety-net row from screenshot | verify before outreach. Top recruitment agencies at United Arab Emirates | 1. info@uhrs.ae | 2. jobs@reachgroup.ae | 3. info@receptionistpa.com | verify before outreach. 1. info@mackenziejones.com | 2. info@sawaeed.ae | 3. clientmiddleeast@hays.com | 4. info@receptionistpa.com	alnahiya.com; OCR agency-list screenshot; many .ae; dxb; middleeast; and UAE staffing domains. Verify before outreach.		
UAE / GCC	Agency	Alvakil	Recruitment agency / staffing contact			jobs@alvakil.net; adminmumbai@alvakil.net			To Contact					High	Yes	Run agency website/LinkedIn check	Screenshot proposal: proposed-tracker-rows-from-unknown.csv; IMG_8334.HEIC; Raw OCR: IMG_8341.HEIC	Move from Unknown into UAE/Dubai agency review queue. | OCR raw safety-net row from screenshot | verify before outreach. 1. info@mackenziejones.com | 2. info@sawaeed.ae | 3. clientmiddleeast@hays.com | 4. info@receptionistpa.com	alvakil.net; OCR agency-list screenshot; many .ae; dxb; middleeast; and UAE staffing domains. Verify before outreach.		
UAE / GCC	Agency	Amazon	Agency / recruiter			emea@amazon.com			To Contact					High	Yes	Verify OCR email/domain before outreach	Raw OCR: IMG_8342.HEIC	OCR raw safety-net row from screenshot; verify before outreach. 19:01 a! 56 @ | careers@emaar.ae | 2. DP World Careers — careers@dpworld.com | 3. Dubai Airports Careers — careers@dubaiairports.ae			
UAE / GCC	Agency	Asterhospital	Agency / recruiter			careers@asterhospital.com			To Contact					High	Yes	Verify OCR email/domain before outreach	Raw OCR: IMG_8342.HEIC	OCR raw safety-net row from screenshot; verify before outreach. 19:01 a! 56 @ | careers@emaar.ae | 2. DP World Careers — careers@dpworld.com | 3. Dubai Airports Careers — careers@dubaiairports.ae			
UAE / GCC	Agency	Bacme	Recruitment agency / staffing contact			submit@bacme.com; recruit@bacme.com			To Contact					High	Yes	Run agency website/LinkedIn check	Screenshot proposal: proposed-tracker-rows-from-unknown.csv; IMG_8341.HEIC; Raw OCR: IMG_8333.HEIC; Raw OCR: IMG_8341.HEIC	Move from Unknown into UAE/Dubai agency review queue. | OCR raw safety-net row from screenshot | verify before outreach. Top recruitment agencies at United Arab Emirates | 1. info@uhrs.ae | 2. jobs@reachgroup.ae | 3. info@receptionistpa.com | verify before outreach. 1. info@mackenziejones.com | 2. info@sawaeed.ae | 3. clientmiddleeast@hays.com | 4. info@receptionistpa.com	bacme.com; OCR agency-list screenshot; many .ae; dxb; middleeast; and UAE staffing domains. Verify before outreach.		
UAE / GCC	Agency	Damacgroup	Agency / recruiter			careers@damacgroup.com			To Contact					High	Yes	Verify OCR email/domain before outreach	Raw OCR: IMG_8342.HEIC	OCR raw safety-net row from screenshot; verify before outreach. 19:01 a! 56 @ | careers@emaar.ae | 2. DP World Careers — careers@dpworld.com | 3. Dubai Airports Careers — careers@dubaiairports.ae			
UAE / GCC	Agency	Deloitte	Agency / recruiter			careers@deloitte.com			To Contact					High	Yes	Verify OCR email/domain before outreach	Raw OCR: IMG_8342.HEIC	OCR raw safety-net row from screenshot; verify before outreach. 19:01 a! 56 @ | careers@emaar.ae | 2. DP World Careers — careers@dpworld.com | 3. Dubai Airports Careers — careers@dubaiairports.ae			
UAE / GCC	Agency	Derbygroup	Recruitment agency / staffing contact			info@derbygroup.ae			To Contact					High	Yes	Run agency website/LinkedIn check	Screenshot proposal: proposed-tracker-rows-from-unknown.csv; IMG_8334.HEIC; Raw OCR: IMG_8341.HEIC	Move from Unknown into UAE/Dubai agency review queue. | OCR raw safety-net row from screenshot | verify before outreach. 1. info@mackenziejones.com | 2. info@sawaeed.ae | 3. clientmiddleeast@hays.com | 4. info@receptionistpa.com	derbygroup.ae; OCR agency-list screenshot; many .ae; dxb; middleeast; and UAE staffing domains. Verify before outreach.		
UAE / GCC	Agency	Dewa	Agency / recruiter			recruitment@dewa.gov.ae			To Contact					High	Yes	Verify OCR email/domain before outreach	Raw OCR: IMG_8342.HEIC	OCR raw safety-net row from screenshot; verify before outreach. 19:01 a! 56 @ | careers@emaar.ae | 2. DP World Careers — careers@dpworld.com | 3. Dubai Airports Careers — careers@dubaiairports.ae			
UAE / GCC	Agency	Dm	Agency / recruiter			careers@dm.gov.ae			To Contact					High	Yes	Verify OCR email/domain before outreach	Raw OCR: IMG_8342.HEIC	OCR raw safety-net row from screenshot; verify before outreach. 19:01 a! 56 @ | careers@emaar.ae | 2. DP World Careers — careers@dpworld.com | 3. Dubai Airports Careers — careers@dubaiairports.ae			
UAE / GCC	Agency	Dpworld	Agency / recruiter			careers@dpworld.com			To Contact					High	Yes	Verify OCR email/domain before outreach	Raw OCR: IMG_8342.HEIC	OCR raw safety-net row from screenshot; verify before outreach. 19:01 a! 56 @ | careers@emaar.ae | 2. DP World Careers — careers@dpworld.com | 3. Dubai Airports Careers — careers@dubaiairports.ae			
UAE / GCC	Agency	Du	Agency / recruiter			careers@du.ae			To Contact					High	Yes	Verify OCR email/domain before outreach	Raw OCR: IMG_8342.HEIC	OCR raw safety-net row from screenshot; verify before outreach. 19:01 a! 56 @ | careers@emaar.ae | 2. DP World Careers — careers@dpworld.com | 3. Dubai Airports Careers — careers@dubaiairports.ae			
UAE / GCC	Agency	Dubaiairports	Agency / recruiter			careers@dubaiairports.ae			To Contact					High	Yes	Verify OCR email/domain before outreach	Raw OCR: IMG_8342.HEIC	OCR raw safety-net row from screenshot; verify before outreach. 19:01 a! 56 @ | careers@emaar.ae | 2. DP World Careers — careers@dpworld.com | 3. Dubai Airports Careers — careers@dubaiairports.ae			
UAE / GCC	Agency	Emaar	Agency / recruiter			careers@emaar.ae			To Contact					High	Yes	Verify OCR email/domain before outreach	Raw OCR: IMG_8342.HEIC	OCR raw safety-net row from screenshot; verify before outreach. 19:01 a! 56 @ | careers@emaar.ae | 2. DP World Careers — careers@dpworld.com | 3. Dubai Airports Careers — careers@dubaiairports.ae			
UAE / GCC	Agency	Emirates	Agency / recruiter			careers@emirates.com; leelar@emirates.net.ae			To Contact					High	Yes	Verify OCR email/domain before outreach	Raw OCR: IMG_8342.HEIC; Raw OCR: IMG_8355.HEIC; Raw OCR: IMG_8491.HEIC	OCR raw safety-net row from screenshot | verify before outreach. 19:01 a! 56 @ | careers@emaar.ae | 2. DP World Careers — careers@dpworld.com | 3. Dubai Airports Careers — careers@dubaiairports.ae | verify before outreach. yp WHR — | gf —— | Top 50 Recruitment d | Companies in UAE E= 2026 = | I Dubai Recruitment Agencies CV Submission # 5 & | verify before outreach. Top 50 recruitment agencies in UAE ... [truncated]			
UAE / GCC	Agency	Emiratesnbd	Agency / recruiter			careers@emiratesnbd.com			To Contact					High	Yes	Verify OCR email/domain before outreach	Raw OCR: IMG_8342.HEIC	OCR raw safety-net row from screenshot; verify before outreach. 19:01 a! 56 @ | careers@emaar.ae | 2. DP World Careers — careers@dpworld.com | 3. Dubai Airports Careers — careers@dubaiairports.ae			
UAE / GCC	Agency	Etisalat	Agency / recruiter			careers@etisalat.ae			To Contact					High	Yes	Verify OCR email/domain before outreach	Raw OCR: IMG_8342.HEIC	OCR raw safety-net row from screenshot; verify before outreach. 19:01 a! 56 @ | careers@emaar.ae | 2. DP World Careers — careers@dpworld.com | 3. Dubai Airports Careers — careers@dubaiairports.ae			
UAE / GCC	Agency	Executivesolutionsme	Recruitment agency / staffing contact			info@executivesolutionsme.com			To Contact					High	Yes	Run agency website/LinkedIn check	Screenshot proposal: proposed-tracker-rows-from-unknown.csv; IMG_8334.HEIC; Raw OCR: IMG_8341.HEIC	Move from Unknown into UAE/Dubai agency review queue. | OCR raw safety-net row from screenshot | verify before outreach. 1. info@mackenziejones.com | 2. info@sawaeed.ae | 3. clientmiddleeast@hays.com | 4. info@receptionistpa.com	executivesolutionsme.com; OCR agency-list screenshot; many .ae; dxb; middleeast; and UAE staffing domains. Verify before outreach.		
UAE / GCC	Agency	Expertsrecruitment	Recruitment agency / staffing contact			gaile@expertsrecruitment.com			To Contact					High	Yes	Run agency website/LinkedIn check	Screenshot proposal: proposed-tracker-rows-from-unknown.csv; IMG_8334.HEIC; Raw OCR: IMG_8341.HEIC	Move from Unknown into UAE/Dubai agency review queue. | OCR raw safety-net row from screenshot | verify before outreach. 1. info@mackenziejones.com | 2. info@sawaeed.ae | 3. clientmiddleeast@hays.com | 4. info@receptionistpa.com	expertsrecruitment.com; OCR agency-list screenshot; many .ae; dxb; middleeast; and UAE staffing domains. Verify before outreach.		
UAE / GCC	Agency	Flydubai	Agency / recruiter			careers@flydubai.com			To Contact					High	Yes	Verify OCR email/domain before outreach	Raw OCR: IMG_8342.HEIC	OCR raw safety-net row from screenshot; verify before outreach. 19:01 a! 56 @ | careers@emaar.ae | 2. DP World Careers — careers@dpworld.com | 3. Dubai Airports Careers — careers@dubaiairports.ae			
UAE / GCC	Agency	Hilton	Agency / recruiter			uajobs@hilton.com			To Contact					High	Yes	Verify OCR email/domain before outreach	Raw OCR: IMG_8342.HEIC	OCR raw safety-net row from screenshot; verify before outreach. 19:01 a! 56 @ | careers@emaar.ae | 2. DP World Careers — careers@dpworld.com | 3. Dubai Airports Careers — careers@dubaiairports.ae			
UAE / GCC	Agency	Hsbc	Agency / recruiter			careersuae@hsbc.com			To Contact					High	Yes	Verify OCR email/domain before outreach	Raw OCR: IMG_8342.HEIC	OCR raw safety-net row from screenshot; verify before outreach. 19:01 a! 56 @ | careers@emaar.ae | 2. DP World Careers — careers@dpworld.com | 3. Dubai Airports Careers — careers@dubaiairports.ae			
UAE / GCC	Agency	Innovationuae	Recruitment agency / staffing contact			recruitment@innovationuae.com			To Contact					High	Yes	Run agency website/LinkedIn check	Screenshot proposal: proposed-tracker-rows-from-unknown.csv; IMG_8341.HEIC; Raw OCR: IMG_8333.HEIC; Raw OCR: IMG_8341.HEIC	Move from Unknown into UAE/Dubai agency review queue. | OCR raw safety-net row from screenshot | verify before outreach. Top recruitment agencies at United Arab Emirates | 1. info@uhrs.ae | 2. jobs@reachgroup.ae | 3. info@receptionistpa.com | verify before outreach. 1. info@mackenziejones.com | 2. info@sawaeed.ae | 3. clientmiddleeast@hays.com | 4. info@receptionistpa.com	innovationuae.com; OCR agency-list screenshot; many .ae; dxb; middleeast; and UAE staffing domains. Verify before outreach.		
UAE / GCC	Agency	Inspireselection	Recruitment agency / staffing contact			info@inspireselection.com			To Contact					High	Yes	Run agency website/LinkedIn check	Screenshot proposal: proposed-tracker-rows-from-unknown.csv; IMG_8334.HEIC; Raw OCR: IMG_8333.HEIC; Raw OCR: IMG_8341.HEIC	Move from Unknown into UAE/Dubai agency review queue. | OCR raw safety-net row from screenshot | verify before outreach. Top recruitment agencies at United Arab Emirates | 1. info@uhrs.ae | 2. jobs@reachgroup.ae | 3. info@receptionistpa.com | verify before outreach. 1. info@mackenziejones.com | 2. info@sawaeed.ae | 3. clientmiddleeast@hays.com | 4. info@receptionistpa.com	inspireselection.com; OCR agency-list screenshot; many .ae; dxb; middleeast; and UAE staffing domains. Verify before outreach.		
UAE / GCC	Agency	Jumeirah	Agency / recruiter			careers@jumeirah.com			To Contact					High	Yes	Verify OCR email/domain before outreach	Raw OCR: IMG_8342.HEIC	OCR raw safety-net row from screenshot; verify before outreach. 19:01 a! 56 @ | careers@emaar.ae | 2. DP World Careers — careers@dpworld.com | 3. Dubai Airports Careers — careers@dubaiairports.ae			
UAE / GCC	Agency	Kershawleonard	Recruitment agency / staffing contact			mike@kershawleonard.net			To Contact					High	Yes	Run agency website/LinkedIn check	Screenshot proposal: proposed-tracker-rows-from-unknown.csv; IMG_8334.HEIC; Raw OCR: IMG_8341.HEIC	Move from Unknown into UAE/Dubai agency review queue. | OCR raw safety-net row from screenshot | verify before outreach. 1. info@mackenziejones.com | 2. info@sawaeed.ae | 3. clientmiddleeast@hays.com | 4. info@receptionistpa.com	kershawleonard.net; OCR agency-list screenshot; many .ae; dxb; middleeast; and UAE staffing domains. Verify before outreach.		
UAE / GCC	Agency	Kpmg	Agency / recruiter			careers@kpmg.com			To Contact					High	Yes	Verify OCR email/domain before outreach	Raw OCR: IMG_8342.HEIC	OCR raw safety-net row from screenshot; verify before outreach. 19:01 a! 56 @ | careers@emaar.ae | 2. DP World Careers — careers@dpworld.com | 3. Dubai Airports Careers — careers@dubaiairports.ae			
UAE / GCC	Agency	Lobomanagement	Recruitment agency / staffing contact			lobo@lobomanagement.com			To Contact					High	Yes	Run agency website/LinkedIn check	Screenshot proposal: proposed-tracker-rows-from-unknown.csv; IMG_8341.HEIC; Raw OCR: IMG_8333.HEIC; Raw OCR: IMG_8341.HEIC	Move from Unknown into UAE/Dubai agency review queue. | OCR raw safety-net row from screenshot | verify before outreach. Top recruitment agencies at United Arab Emirates | 1. info@uhrs.ae | 2. jobs@reachgroup.ae | 3. info@receptionistpa.com | verify before outreach. 1. info@mackenziejones.com | 2. info@sawaeed.ae | 3. clientmiddleeast@hays.com | 4. info@receptionistpa.com	lobomanagement.com; OCR agency-list screenshot; many .ae; dxb; middleeast; and UAE staffing domains. Verify before outreach.		
UAE / GCC	Agency	Mackenziejones	Recruitment agency / staffing contact			info@mackenziejones.com			To Contact					High	Yes	Run agency website/LinkedIn check	Screenshot proposal: proposed-tracker-rows-from-unknown.csv; IMG_8341.HEIC; Raw OCR: IMG_8333.HEIC; Raw OCR: IMG_8341.HEIC	Move from Unknown into UAE/Dubai agency review queue. | OCR raw safety-net row from screenshot | verify before outreach. Top recruitment agencies at United Arab Emirates | 1. info@uhrs.ae | 2. jobs@reachgroup.ae | 3. info@receptionistpa.com | verify before outreach. 1. info@mackenziejones.com | 2. info@sawaeed.ae | 3. clientmiddleeast@hays.com | 4. info@receptionistpa.com	mackenziejones.com; OCR agency-list screenshot; many .ae; dxb; middleeast; and UAE staffing domains. Verify before outreach.		
UAE / GCC	Agency	Manpower Me	Recruitment agency / staffing contact			info@manpower-me.com			To Contact					High	Yes	Run agency website/LinkedIn check	Screenshot proposal: proposed-tracker-rows-from-unknown.csv; IMG_8341.HEIC; Raw OCR: IMG_8333.HEIC; Raw OCR: IMG_8341.HEIC	Move from Unknown into UAE/Dubai agency review queue. | OCR raw safety-net row from screenshot | verify before outreach. Top recruitment agencies at United Arab Emirates | 1. info@uhrs.ae | 2. jobs@reachgroup.ae | 3. info@receptionistpa.com | verify before outreach. 1. info@mackenziejones.com | 2. info@sawaeed.ae | 3. clientmiddleeast@hays.com | 4. info@receptionistpa.com	manpower-me.com; OCR agency-list screenshot; many .ae; dxb; middleeast; and UAE staffing domains. Verify before outreach.		
UAE / GCC	Agency	Marriott	Agency / recruiter			careers@marriott.com			To Contact					High	Yes	Verify OCR email/domain before outreach	Raw OCR: IMG_8342.HEIC	OCR raw safety-net row from screenshot; verify before outreach. 19:01 a! 56 @ | careers@emaar.ae | 2. DP World Careers — careers@dpworld.com | 3. Dubai Airports Careers — careers@dubaiairports.ae			
UAE / GCC	Agency	Mashregbank	Agency / recruiter			careers@mashregbank.com			To Contact					High	Yes	Verify OCR email/domain before outreach	Raw OCR: IMG_8342.HEIC	OCR raw safety-net row from screenshot; verify before outreach. 19:01 a! 56 @ | careers@emaar.ae | 2. DP World Careers — careers@dpworld.com | 3. Dubai Airports Careers — careers@dubaiairports.ae			
UAE / GCC	Agency	Mediclinic	Agency / recruiter			recruitment@mediclinic.ae			To Contact					High	Yes	Verify OCR email/domain before outreach	Raw OCR: IMG_8342.HEIC	OCR raw safety-net row from screenshot; verify before outreach. 19:01 a! 56 @ | careers@emaar.ae | 2. DP World Careers — careers@dpworld.com | 3. Dubai Airports Careers — careers@dubaiairports.ae			
UAE / GCC	Agency	Michaelpage	Recruitment agency / staffing contact			clientmiddleeast@michaelpage.ae			To Contact					High	Yes	Run agency website/LinkedIn check	Screenshot proposal: proposed-tracker-rows-from-unknown.csv; IMG_8341.HEIC; Raw OCR: IMG_8333.HEIC; Raw OCR: IMG_8341.HEIC	Move from Unknown into UAE/Dubai agency review queue. | OCR raw safety-net row from screenshot | verify before outreach. Top recruitment agencies at United Arab Emirates | 1. info@uhrs.ae | 2. jobs@reachgroup.ae | 3. info@receptionistpa.com | verify before outreach. 1. info@mackenziejones.com | 2. info@sawaeed.ae | 3. clientmiddleeast@hays.com | 4. info@receptionistpa.com	michaelpage.ae; OCR agency-list screenshot; many .ae; dxb; middleeast; and UAE staffing domains. Verify before outreach.		
UAE / GCC	Agency	Nadiaglobal	Recruitment agency / staffing contact			contact@nadiaglobal.com			To Contact					High	Yes	Run agency website/LinkedIn check	Screenshot proposal: proposed-tracker-rows-from-unknown.csv; IMG_8341.HEIC; Raw OCR: IMG_8057.HEIC; Raw OCR: IMG_8333.HEIC; Raw OCR: IMG_8341.HEIC	Move from Unknown into UAE/Dubai agency review queue. | OCR raw safety-net row from screenshot | verify before outreach. @:) Join channel to get daily Dubai job updates W | https://www.instagram.com/channel/ | info@workforce.ae | contact@morganmallet.agency | verify before outreach. Top recruitment agencies at United Arab Emirates | 1. info@uhrs.ae | 2. jobs@reachgroup.ae | 3. info@receptionistpa.com ... [truncated]	nadiaglobal.com; OCR agency-list screenshot; many .ae; dxb; middleeast; and UAE staffing domains. Verify before outreach.; https://www.instagram.com/channel/AbZbNHfHrBoK22HT/?		
UAE / GCC	Agency	Nakheel	Agency / recruiter			careers@nakheel.com			To Contact					High	Yes	Verify OCR email/domain before outreach	Raw OCR: IMG_8342.HEIC	OCR raw safety-net row from screenshot; verify before outreach. 19:01 a! 56 @ | careers@emaar.ae | 2. DP World Careers — careers@dpworld.com | 3. Dubai Airports Careers — careers@dubaiairports.ae			
UAE / GCC	Agency	Nathanhr	Recruitment agency / staffing contact			info@nathanhr.com			To Contact					High	Yes	Run agency website/LinkedIn check	Screenshot proposal: proposed-tracker-rows-from-unknown.csv; IMG_8341.HEIC; Raw OCR: IMG_8333.HEIC; Raw OCR: IMG_8341.HEIC	Move from Unknown into UAE/Dubai agency review queue. | OCR raw safety-net row from screenshot | verify before outreach. Top recruitment agencies at United Arab Emirates | 1. info@uhrs.ae | 2. jobs@reachgroup.ae | 3. info@receptionistpa.com | verify before outreach. 1. info@mackenziejones.com | 2. info@sawaeed.ae | 3. clientmiddleeast@hays.com | 4. info@receptionistpa.com	nathanhr.com; OCR agency-list screenshot; many .ae; dxb; middleeast; and UAE staffing domains. Verify before outreach.		
UAE / GCC	Agency	Noon	Agency / recruiter			talent@noon.com			To Contact					High	Yes	Verify OCR email/domain before outreach	Raw OCR: IMG_8342.HEIC	OCR raw safety-net row from screenshot; verify before outreach. 19:01 a! 56 @ | careers@emaar.ae | 2. DP World Careers — careers@dpworld.com | 3. Dubai Airports Careers — careers@dubaiairports.ae			
UAE / GCC	Agency	Pwc	Agency / recruiter			careers@pwc.com			To Contact					High	Yes	Verify OCR email/domain before outreach	Raw OCR: IMG_8342.HEIC	OCR raw safety-net row from screenshot; verify before outreach. 19:01 a! 56 @ | careers@emaar.ae | 2. DP World Careers — careers@dpworld.com | 3. Dubai Airports Careers — careers@dubaiairports.ae			
UAE / GCC	Agency	Reachgroup	Recruitment agency / staffing contact			jobs@reachgroup.ae			To Contact					High	Yes	Run agency website/LinkedIn check	Screenshot proposal: proposed-tracker-rows-from-unknown.csv; IMG_8341.HEIC; Raw OCR: IMG_8333.HEIC; Raw OCR: IMG_8341.HEIC	Move from Unknown into UAE/Dubai agency review queue. | OCR raw safety-net row from screenshot | verify before outreach. Top recruitment agencies at United Arab Emirates | 1. info@uhrs.ae | 2. jobs@reachgroup.ae | 3. info@receptionistpa.com | verify before outreach. 1. info@mackenziejones.com | 2. info@sawaeed.ae | 3. clientmiddleeast@hays.com | 4. info@receptionistpa.com	reachgroup.ae; OCR agency-list screenshot; many .ae; dxb; middleeast; and UAE staffing domains. Verify before outreach.		
UAE / GCC	Agency	Receptionistpa	Recruitment agency / staffing contact			info@receptionistpa.com			To Contact					High	Yes	Run agency website/LinkedIn check	Screenshot proposal: proposed-tracker-rows-from-unknown.csv; IMG_8341.HEIC; Raw OCR: IMG_8333.HEIC; Raw OCR: IMG_8341.HEIC	Move from Unknown into UAE/Dubai agency review queue. | OCR raw safety-net row from screenshot | verify before outreach. Top recruitment agencies at United Arab Emirates | 1. info@uhrs.ae | 2. jobs@reachgroup.ae | 3. info@receptionistpa.com | verify before outreach. 1. info@mackenziejones.com | 2. info@sawaeed.ae | 3. clientmiddleeast@hays.com | 4. info@receptionistpa.com	receptionistpa.com; OCR agency-list screenshot; many .ae; dxb; middleeast; and UAE staffing domains. Verify before outreach.		
UAE / GCC	Agency	Rta	Agency / recruiter			hr@rta.ae			To Contact					High	Yes	Verify OCR email/domain before outreach	Raw OCR: IMG_8342.HEIC	OCR raw safety-net row from screenshot; verify before outreach. 19:01 a! 56 @ | careers@emaar.ae | 2. DP World Careers — careers@dpworld.com | 3. Dubai Airports Careers — careers@dubaiairports.ae			
UAE / GCC	Agency	Saudigerman	Agency / recruiter			careers@saudigerman.com			To Contact					High	Yes	Verify OCR email/domain before outreach	Raw OCR: IMG_8342.HEIC	OCR raw safety-net row from screenshot; verify before outreach. 19:01 a! 56 @ | careers@emaar.ae | 2. DP World Careers — careers@dpworld.com | 3. Dubai Airports Careers — careers@dubaiairports.ae			
UAE / GCC	Agency	Sc	Agency / recruiter			careers@sc.com			To Contact					High	Yes	Verify OCR email/domain before outreach	Raw OCR: IMG_8342.HEIC	OCR raw safety-net row from screenshot; verify before outreach. 19:01 a! 56 @ | careers@emaar.ae | 2. DP World Careers — careers@dpworld.com | 3. Dubai Airports Careers — careers@dubaiairports.ae			
UAE / GCC	Agency	Ssaltd	Recruitment agency / staffing contact			ilan.mclean@ssaltd.com; lan.mclean@ssaltd.com			To Contact					High	Yes	Run agency website/LinkedIn check	Screenshot proposal: proposed-tracker-rows-from-unknown.csv; IMG_8334.HEIC; IMG_8341.HEIC; Raw OCR: IMG_8341.HEIC	Move from Unknown into UAE/Dubai agency review queue. | OCR raw safety-net row from screenshot | verify before outreach. 1. info@mackenziejones.com | 2. info@sawaeed.ae | 3. clientmiddleeast@hays.com | 4. info@receptionistpa.com	ssaltd.com; OCR agency-list screenshot; many .ae; dxb; middleeast; and UAE staffing domains. Verify before outreach.		
UAE / GCC	Agency	Sundusrecruitment	Recruitment agency / staffing contact			info@sundusrecruitment.com; cv@sundusrecruitment.com			To Contact					High	Yes	Run agency website/LinkedIn check	Screenshot proposal: proposed-tracker-rows-from-unknown.csv; IMG_8341.HEIC; Raw OCR: IMG_8333.HEIC; Raw OCR: IMG_8341.HEIC	Move from Unknown into UAE/Dubai agency review queue. | OCR raw safety-net row from screenshot | verify before outreach. Top recruitment agencies at United Arab Emirates | 1. info@uhrs.ae | 2. jobs@reachgroup.ae | 3. info@receptionistpa.com | verify before outreach. 1. info@mackenziejones.com | 2. info@sawaeed.ae | 3. clientmiddleeast@hays.com | 4. info@receptionistpa.com	sundusrecruitment.com; OCR agency-list screenshot; many .ae; dxb; middleeast; and UAE staffing domains. Verify before outreach.		
UAE / GCC	Agency	Tascoutsourcing	Recruitment agency / staffing contact			dxbjobs@tascoutsourcing.com; request@tascoutsourcing.com; info@tascoutsourcing.com			To Contact					High	Yes	Run agency website/LinkedIn check	Screenshot proposal: proposed-tracker-rows-from-unknown.csv; IMG_8334.HEIC; Raw OCR: IMG_8333.HEIC; Raw OCR: IMG_8341.HEIC	Move from Unknown into UAE/Dubai agency review queue. | OCR raw safety-net row from screenshot | verify before outreach. Top recruitment agencies at United Arab Emirates | 1. info@uhrs.ae | 2. jobs@reachgroup.ae | 3. info@receptionistpa.com | verify before outreach. 1. info@mackenziejones.com | 2. info@sawaeed.ae | 3. clientmiddleeast@hays.com | 4. info@receptionistpa.com	tascoutsourcing.com; OCR agency-list screenshot; many .ae; dxb; middleeast; and UAE staffing domains. Verify before outreach.		
UAE / GCC	Agency	Xpertsjobs	Recruitment agency / staffing contact			cv@xpertsjobs.com			To Contact					High	Yes	Run agency website/LinkedIn check	Screenshot proposal: proposed-tracker-rows-from-unknown.csv; IMG_8341.HEIC; Raw OCR: IMG_8333.HEIC; Raw OCR: IMG_8341.HEIC	Move from Unknown into UAE/Dubai agency review queue. | OCR raw safety-net row from screenshot | verify before outreach. Top recruitment agencies at United Arab Emirates | 1. info@uhrs.ae | 2. jobs@reachgroup.ae | 3. info@receptionistpa.com | verify before outreach. 1. info@mackenziejones.com | 2. info@sawaeed.ae | 3. clientmiddleeast@hays.com | 4. info@receptionistpa.com	xpertsjobs.com; OCR agency-list screenshot; many .ae; dxb; middleeast; and UAE staffing domains. Verify before outreach.		
UAE / GCC	Direct Employer	Amwal	Fintech / payments company		info@amwal.tech	info@amwal.tech		Senior Product Designer	Applied	2026-06-03	2026-06-03	2026-06-10	No Reply	High	No	Follow up if no response	Gmail sent last month	Initial tailored CV was sent as markdown then corrected with PDF in the same thread.		19e8dedb8e403e03	19e8defa3633a616
India	Agency	byPeople Technologies	Agency / recruiter	Nandani	recruitment.bypt@gmail.com	recruitment.bypt@gmail.com		UX Designer - Healthcare Domain	Applied	2026-05-24	2026-05-24	2026-05-31	No Reply	High	No	Run agency website/LinkedIn check	Current Master Job Tracker; Screenshot proposal: outside-dubai-proposed.csv; IMG_9214.HEIC; Gmail sent last month	Bangalore UX Designer opening | strong British communication required. | Application for UX Designer Healthcare Domain in Bangalore sent with resume.	OCR: IMG_9214.txt	19e5b0731165b973	19e5b0731165b973
India	Agency	Orange Corporate Solutions	HR consultancy / recruiter			jobs.orange001@gmail.com	WhatsApp: +91 70820 01810		To Contact					Medium	No	Run agency website/LinkedIn check	Current Master Job Tracker; Screenshot proposal: outside-dubai-proposed.csv; IMG_8950.HEIC; Screenshot proposal: proposed-tracker-rows-from-unknown.csv	Country/Region: India | Category: HR consultancy / recruiter | Source: IMG_8950.HEIC | Gmail differs from official site email | verify before outreach.	https://orangecorporatesolutions.com; orangecorporatesolutions.com; https://www.orangecorporatesolutions.com/join-us		
India	Agency	Shell Consultancy	Recruitment / consultancy			careers@shellconsultancy.com			To Contact					High	No	Run agency website/LinkedIn check	Current Master Job Tracker; Screenshot proposal: outside-dubai-proposed.csv; IMG_8710.HEIC; Screenshot proposal: proposed-tracker-rows-from-unknown.csv	Country/Region: India | Category: Recruitment / consultancy | Source: IMG_8710.HEIC | LinkedIn hiring posts mention Gurgaon and India roles.	https://shellconsultancy.com; shellconsultancy.com; https://in.linkedin.com/company/shell-consultancy		
India / Bangalore	Agency	Gmail contact lead	Agency / recruiter			recruitment.bypt@gmail.com			To Contact					High	Yes	Verify OCR email/domain before outreach	Raw OCR: IMG_9214.HEIC	OCR raw safety-net row from screenshot; verify before outreach. Vi LHR Recruiter at byPeople Technolo... | 4 We're Hiring: UX Designer (Healthcare Domain) | @: Strong British Communication Skills Required. | user-centric experiences—this role is for you!			
India / Noida	Agency	Teamware Solutions / Microsoft	Recruitment agency / Teamware deployment to Microsoft	Perumandla Sri Vidya	srividya.p@twsol.com	srividya.p@twsol.com; compliance@twsol.com		Microsoft Content Designer	Followed Up	2026-05-29	2026-05-27	2026-06-05	Replied / Active Process	High	No	Keep warm and follow up on Microsoft manager discussion	Gmail sent last month	Recruiter sent JD and details form on 2026-05-27; acknowledgement/resume sent same day; follow-up sent 2026-05-29 after promised manager call.	https://teamwaresolutions.net	19e691ca2baa0127	19e73286608d4c83
India	Direct Employer	Artgripper Studio	CGI / brand design studio			hello@artgripper.studio			To Contact					High	No	Run company careers/LinkedIn check	Current Master Job Tracker; Screenshot proposal: outside-dubai-proposed.csv; IMG_7925.HEIC; Screenshot proposal: proposed-tracker-rows-from-unknown.csv	Country/Region: India | Category: CGI / brand design studio | Source: IMG_7925.HEIC | Official site shows Indian phone number and India work examples.	https://artgripper.studio; artgripper.studio; https://artgripper.studio/		
India	Direct Employer	Artium Academy	Direct employer / product design			priya@artiumacademy.com; pallav@artiumacademy.com			To Contact					High	No	Run company careers/LinkedIn check	Current Master Job Tracker; Screenshot proposal: outside-dubai-proposed.csv; IMG_8393.HEIC	On-site product designer role in Bangalore.	https://artiumacademy.com; artiumacademy.com; OCR: IMG_8393.txt		
India	Direct Employer	ASAP Media	Creative studio hiring designer / photographer / content creator			contact@asapmedia.co.in			To Contact					High	No	Run company careers/LinkedIn check	Current Master Job Tracker; Screenshot proposal: outside-dubai-proposed.csv; IMG_8495.HEIC; Screenshot proposal: proposed-tracker-rows-from-unknown.csv	Country/Region: India | Category: Creative studio hiring designer / photographer / content creator | Source: IMG_8495.HEIC | OCR also read spam@asapmedia.co.in | treat that as OCR suspect | use contact@ first.	https://asapmedia.co.in; asapmedia.co.in; https://asapmedia.co.in/; https://in.linkedin.com/company/asap_media		
India	Direct Employer	Asapmedia	Job lead / direct employer			contact@asapmedia.co.in; spam@asapmedia.co.in			To Contact					Medium	Yes	Verify OCR email/domain before outreach	Raw OCR: IMG_8495.HEIC	OCR raw safety-net row from screenshot | verify before outreach. ASAP Media is growing and we're hiring. | Open roles: | Apply at spam@asapmedia.co.in / | contact@asapmedia.co.in			
India	Direct Employer	Byond Studio	Creative studio			team@wearebyond.com			To Contact					High	No	Run company careers/LinkedIn check	Current Master Job Tracker; Screenshot proposal: outside-dubai-proposed.csv; IMG_7877.HEIC	Hiring within Delhi only.	https://wearebyond.com; wearebyond.com; OCR: IMG_7877.txt		
India	Direct Employer	Celonis	Direct employer / careers link						To Contact					High	No	Run company careers/LinkedIn check	Current Master Job Tracker; Screenshot proposal: outside-dubai-proposed.csv; IMG_7186.HEIC	Bangalore / India careers link surfaced in the post.	https://careers.celonis.com/join-us; careers.celonis.com/join-us; OCR: IMG_7186.txt		
India	Direct Employer	Gmail contact lead	Job lead / direct employer			jaaniscafe@gmail.com			To Contact					Low	Yes	Verify OCR email/domain before outreach	Raw OCR: IMG_8711.HEIC	OCR raw safety-net row from screenshot; verify before outreach. Shoja, Himachal Pradesh, India | 'Y | BEER AAA \R | | | ERE | \ B NE EA NN : Nan | | Paid role ff ¢i¢. 6 % EERIE AL gp			
India	Direct Employer	Jaani's Cafe	Hospitality / performance role			jaaniscafe@gmail.com			To Contact					High	No	Run company careers/LinkedIn check	Current Master Job Tracker; Screenshot proposal: outside-dubai-proposed.csv; IMG_8711.HEIC	Shoja | Himachal Pradesh | paid role with stay and food covered.	OCR: IMG_8711.txt		
India	Direct Employer	LearnTube.ai	Direct employer / hybrid roles			shronit@learntube.ai; gargi@learntube.ai			To Contact					High	No	Run company careers/LinkedIn check	Current Master Job Tracker; Screenshot proposal: outside-dubai-proposed.csv; IMG_8836.HEIC	Mumbai roles with hybrid work structure.	https://learntube.ai; learntube.ai; OCR: IMG_8836.txt		
India	Direct Employer	Little Green Studio	Creative / design studio			hr@littlegreenstudio.in			To Contact					High	No	Run company careers/LinkedIn check	Current Master Job Tracker; Screenshot proposal: outside-dubai-proposed.csv; IMG_7871.HEIC; Screenshot proposal: proposed-tracker-rows-from-unknown.csv	Country/Region: India | Category: Creative / design studio | Source: IMG_7871.HEIC | Indian domain and LinkedIn hiring post.	https://littlegreenstudio.in; littlegreenstudio.in; https://in.linkedin.com/company/little-green-studio		
India	Direct Employer	Littlegreenstudio	Unclassified lead			hr@littlegreenstudio.in			To Contact					Medium	Yes	Verify OCR email/domain before outreach	Raw OCR: IMG_7871.HEIC	OCR raw safety-net row from screenshot; verify before outreach. | Brrr | Write to hr@littlegreenstudio.in with your CV & 39			
India	Direct Employer	Lovedwell	Lifestyle/design studio			info@lovedwell.com			To Contact					High	No	Run company careers/LinkedIn check	Current Master Job Tracker; Screenshot proposal: outside-dubai-proposed.csv; IMG_8482.HEIC; Screenshot proposal: proposed-tracker-rows-from-unknown.csv	Country/Region: India | Category: Lifestyle/design studio | Source: IMG_8482.HEIC | Official contact page says Simbuno India Pvt. Ltd. | Noida.	https://lovedwell.com; lovedwell.com; https://lovedwell.com/pages/contact		
India	Direct Employer	Merck	Direct employer / careers link						To Contact					High	No	Run company careers/LinkedIn check	Current Master Job Tracker; Screenshot proposal: outside-dubai-proposed.csv; IMG_7186.HEIC	Bangalore / India careers link surfaced in the post.	https://careers.merckgroup.com; careers.merckgroup.com; OCR: IMG_7186.txt		
India	Direct Employer	Museo Camera	Museum / design or creative role			contact@museocamera.org			To Contact					High	No	Run company careers/LinkedIn check	Current Master Job Tracker; Screenshot proposal: outside-dubai-proposed.csv; IMG_9156.HEIC; Screenshot proposal: proposed-tracker-rows-from-unknown.csv	Country/Region: India | Category: Museum / design or creative role | Source: IMG_9156.HEIC | Official page lists Gurugram | Haryana.	https://museocamera.org; museocamera.org; https://www.museocamera.org/working-at-museo-camera		
India	Direct Employer	Nikah Forever	Direct employer			career@nikahforever.com	WhatsApp: +91-8448293814		To Contact					High	No	Run company careers/LinkedIn check	Current Master Job Tracker; Screenshot proposal: outside-dubai-proposed.csv; IMG_7919.HEIC; Screenshot proposal: proposed-tracker-rows-from-unknown.csv	Country/Region: India | Category: Direct employer | Source: IMG_7919.HEIC | India lead | keep WhatsApp in row but not phone-only.	https://nikahforever.com; nikahforever.com; https://nikahforever.com/home/contact_us		
India	Direct Employer	Onething Design	UI/UX design agency hiring designers			people@onething.design			To Contact					High	No	Run company careers/LinkedIn check	Current Master Job Tracker; Screenshot proposal: outside-dubai-proposed.csv; IMG_7193.HEIC; Screenshot proposal: proposed-tracker-rows-from-unknown.csv	Country/Region: India | Category: UI/UX design agency hiring designers | Source: IMG_7193.HEIC | Design roles | route outside Dubai under India.	https://onething.design; onething.design; https://www.onething.design/careers		
India	Direct Employer	RAD LVNG	Consumer brand / creative role			talent@radlvng.com			To Contact					High	No	Run company careers/LinkedIn check	Current Master Job Tracker; Screenshot proposal: outside-dubai-proposed.csv; IMG_9323.HEIC; Screenshot proposal: proposed-tracker-rows-from-unknown.csv	Country/Region: India | Category: Consumer brand / creative role | Source: IMG_9323.HEIC | Official site lists Rad Brands Pvt. Ltd. | Noida | India.	https://radlvng.com; radlvng.com; https://radlvng.com/; https://radlvng.com/pages/about-us		
India	Direct Employer	ShaperCult	Direct employer / designer role			kajal@shapercult.com			To Contact					High	Yes	Run company careers/LinkedIn check	Current Master Job Tracker; Screenshot proposal: outside-dubai-proposed.csv; IMG_7975.HEIC; Raw OCR: IMG_7975.HEIC	Senior Visual Designer role in Gurugram | Haryana. | OCR raw safety-net row from screenshot | verify before outreach. Experience in D2C [ fashion / lifestyle | e-commerce | Apply kajal@shapercult.com | Set alert for similar jobs | Haryana | India	https://shapercult.com; shapercult.com; OCR: IMG_7975.txt		
India	Direct Employer	Social Watch	Digital marketing / creative agency			hr@socialwatch.io			To Contact					High	No	Run company careers/LinkedIn check	Current Master Job Tracker; Screenshot proposal: outside-dubai-proposed.csv; IMG_8730.HEIC; Screenshot proposal: proposed-tracker-rows-from-unknown.csv	Country/Region: India | Category: Digital marketing / creative agency | Source: IMG_8730.HEIC | Official careers page lists Mohali | Punjab | India.	https://socialwatch.io; socialwatch.io; https://socialwatch.io/careers/		
India	Direct Employer	Studio Murb	Design / marketing studio			hey@studiomurb.com			To Contact					Medium	No	Run company careers/LinkedIn check	Current Master Job Tracker; Screenshot proposal: outside-dubai-proposed.csv; IMG_8843.HEIC; Screenshot proposal: proposed-tracker-rows-from-unknown.csv	Country/Region: India | Category: Design / marketing studio | Source: IMG_8843.HEIC | Official site has hiring email | India inferred from web presence and projects.	https://studiomurb.com; studiomurb.com; https://www.studiomurb.com/		
India	Direct Employer	Talabat				careers@talabat.com; https://corporate.talabat.com/careers/		Staff Product Designer; Product Designer	To Contact					High	No	Tailor resume and apply	Current Master Job Tracker		https://designproject.io/jobs/staff-product-designer-global-hub-q-commerce-at-delivery-hero-devjh1; https://ae.indeed.com/viewjob?jk=4027932f0f2914b3		
India	Direct Employer	The Art Curry	Creative / internship roles			hellu@theartcurry.in			To Contact					High	No	Run company careers/LinkedIn check	Current Master Job Tracker; Screenshot proposal: outside-dubai-proposed.csv; IMG_7157.HEIC	Delhi NCR only | social media intern | design intern | photographer/videographer.	https://theartcurry.in; theartcurry.in; OCR: IMG_7157.txt		
India	Direct Employer	The Ombre	Photography / creative studio			careers@theombre.com			To Contact					High	No	Run company careers/LinkedIn check	Current Master Job Tracker; Screenshot proposal: outside-dubai-proposed.csv; IMG_8936.HEIC; Screenshot proposal: proposed-tracker-rows-from-unknown.csv	Country/Region: India | Category: Photography / creative studio | Source: IMG_8936.HEIC | Official contact page says Delhi NCR | India.	https://theombre.com; theombre.com; https://theombre.com/contact		
India	Direct Employer	WebVeda	Education / content-course company			divyam.chutani@webveda.com			To Contact					High	No	Run company careers/LinkedIn check	Current Master Job Tracker; Screenshot proposal: outside-dubai-proposed.csv; IMG_9315.HEIC; Screenshot proposal: proposed-tracker-rows-from-unknown.csv	Country/Region: India | Category: Education / content-course company | Source: IMG_9315.HEIC | Official contact page/LinkedIn place WebVeda in Faridabad | India.	https://webveda.com; webveda.com; https://webveda.com/contactus; https://in.linkedin.com/company/webveda		
India / Bangalore	Direct Employer	Artiumacademy	Job lead / direct employer			pallav@artiumacademy.com; priya@artiumacademy.com			To Contact					Medium	Yes	Verify OCR email/domain before outreach	Raw OCR: IMG_8393.HEIC	OCR raw safety-net row from screenshot | verify before outreach. 05:29 oi! + @ | We are Hiring & | priya@artiumacademy.com | pallav@artiumacademy.com			
India / Delhi	Direct Employer	Wearebyond	Job lead / direct employer			team@wearebyond.com			To Contact					Medium	Yes	Verify OCR email/domain before outreach	Raw OCR: IMG_7877.HEIC	OCR raw safety-net row from screenshot; verify before outreach. Apply at team@wearebyond.com | ® Hiring within Delhi only \'74 | #ByondStudio #HiringCreatives | #DesignJobsindia -			
India / Remote	Direct Employer	OneGraphite	Direct employer / remote product design			krunal@onegraphite.in			To Contact					High	Yes	Run company careers/LinkedIn check	Current Master Job Tracker; Screenshot proposal: outside-dubai-proposed.csv; IMG_8724.HEIC; Raw OCR: IMG_8724.HEIC	Remote UX/Product Designer role. | OCR raw safety-net row from screenshot | verify before outreach. We’ re hiring a UX / Product Designer | krunal@onegraphite.in	https://onegraphite.in; onegraphite.in; OCR: IMG_8724.txt		
India / Remote	Form	Remote design application form	Job application form / design lead						To Contact					High	Yes	Run company careers/LinkedIn check	Current Master Job Tracker; Screenshot proposal: outside-dubai-proposed.csv; IMG_5129.PNG; Raw OCR: IMG_5129.PNG	NCR preferable | remote option available for strong candidates. | OCR raw safety-net row from screenshot | verify before outreach. 16:28 fl T @) | About the job | Job Application Form | https://docs.google.com/forms/d/e/	https://https://docs.google.com/forms/d/e/TFAIpQLSeBy7r7b48Yrqz4Ap6-2g_07BuhljPhcj-5_3CIsRAkYrQtiA/viewform; https://docs.google.com/forms/d/e/TFAIpQLSeBy7r7b48Yrqz4Ap6-2g_07BuhljPhcj-5_3CIsRAkYrQtiA/viewform; OCR: IMG_5129.txt; https://docs.google.com/forms/d/e/TFAIpQLSeBy7r7b48Yrqz4Ap6-2g_07BuhljPhcj-5_3CIsRA		
India / Bangalore	LinkedIn Search	Careers	Unclassified lead						To Contact					Low	Yes	Open form/careers URL and verify role	Raw OCR: IMG_7186.HEIC	OCR raw safety-net row from screenshot | verify before outreach. E 4 Celonis - https://careers.celonis.com/join-us/ ». | groupedLocation=Bangalore%2C+India @) | < Merck - https://careers.merckgroup.com/ 102 | %20India J	https://careers.celonis.com/join-us/; https://careers.merckgroup.com/		
India	Phone / WhatsApp Lead	Freelance Video Editor lead	Phone-only creative job lead				9511116204		To Contact					Low	Yes	Run company careers/LinkedIn check	Screenshot proposal: outside-dubai-proposed.csv; IMG_8494.HEIC; Screenshot proposal: proposed-tracker-rows-from-unknown.csv; Screenshot proposal: phone-whatsapp-proposed.csv	Only a phone number was captured | keep out of email tables.	OCR screenshot only		
India / needs verification	Phone / WhatsApp Lead	BSD / Amlanjyoti UX UI lead	Phone plus malformed email			amlanjyotibharali@bsd.ed	6000236346; 9620045916		To Contact					Low	Yes	Run company careers/LinkedIn check	Screenshot proposal: outside-dubai-proposed.csv; IMG_9183.HEIC; Screenshot proposal: proposed-tracker-rows-from-unknown.csv; Screenshot proposal: phone-whatsapp-proposed.csv	OCR email appears malformed | verify image before outreach.	bsd.edu.in; https://in.linkedin.com/in/amlanjyoti-bharali; https://www.bsd.edu.in/		
India / needs verification	Phone / WhatsApp Lead	Reslink lead	Phone plus domain mismatch			team@reslink.org	91-8303982425; +91 8303982425		To Contact					Low	Yes	Run company careers/LinkedIn check	Screenshot proposal: outside-dubai-proposed.csv; IMG_8744.HEIC; Screenshot proposal: proposed-tracker-rows-from-unknown.csv; Screenshot proposal: phone-whatsapp-proposed.csv	Do not merge with reslink.io without visual/web confirmation.	reslink.org; Search found reslink.io; not reslink.org; verify manually.		
Germany	Direct Employer	ABOUT YOU	Hiring company / Germany list						To Contact					High	No	Run company careers/LinkedIn check	Current Master Job Tracker; Screenshot proposal: outside-dubai-proposed.csv; IMG_9325.HEIC	Hamburg hiring-list row | no contact captured.	OCR: IMG_9325.txt		
Germany	Direct Employer	Adidas	Hiring company / Germany list						To Contact					High	No	Run company careers/LinkedIn check	Current Master Job Tracker; Screenshot proposal: outside-dubai-proposed.csv; IMG_9324.HEIC	Herzogenaurach hiring-list row | no contact captured.	OCR: IMG_9324.txt		
Germany	Direct Employer	Adjust	Hiring company / Germany list						To Contact					High	No	Run company careers/LinkedIn check	Current Master Job Tracker; Screenshot proposal: outside-dubai-proposed.csv; IMG_9324.HEIC	Berlin hiring-list row | no contact captured.	OCR: IMG_9324.txt		
Germany	Direct Employer	Atrya	Hiring company / Germany list						To Contact					High	No	Run company careers/LinkedIn check	Current Master Job Tracker; Screenshot proposal: outside-dubai-proposed.csv; IMG_9324.HEIC	Berlin hiring-list row | no contact captured.	OCR: IMG_9324.txt		
Germany	Direct Employer	Bayer	Hiring company / Germany list						To Contact					High	No	Run company careers/LinkedIn check	Current Master Job Tracker; Screenshot proposal: outside-dubai-proposed.csv; IMG_9325.HEIC	Leverkusen hiring-list row | no contact captured.	OCR: IMG_9325.txt		
Germany	Direct Employer	Blinkist	Hiring company / Germany list						To Contact					High	No	Run company careers/LinkedIn check	Current Master Job Tracker; Screenshot proposal: outside-dubai-proposed.csv; IMG_9324.HEIC	Berlin hiring-list row | no contact captured.	OCR: IMG_9324.txt		
Germany	Direct Employer	BMW Group	Hiring company / Germany list						To Contact					High	No	Run company careers/LinkedIn check	Current Master Job Tracker; Screenshot proposal: outside-dubai-proposed.csv; IMG_9324.HEIC	Munich hiring-list row | no contact captured.	OCR: IMG_9324.txt		
Germany	Direct Employer	Celonis	Hiring company / Germany list						To Contact					High	No	Run company careers/LinkedIn check	Current Master Job Tracker; Screenshot proposal: outside-dubai-proposed.csv; IMG_9324.HEIC	Munich hiring-list row | no contact captured.	OCR: IMG_9324.txt		
Germany	Direct Employer	Choco	Hiring company / Germany list						To Contact					High	No	Run company careers/LinkedIn check	Current Master Job Tracker; Screenshot proposal: outside-dubai-proposed.csv; IMG_9324.HEIC	Berlin hiring-list row | no contact captured.	OCR: IMG_9324.txt		
Germany	Direct Employer	Contentful	Hiring company / Germany list						To Contact					High	No	Run company careers/LinkedIn check	Current Master Job Tracker; Screenshot proposal: outside-dubai-proposed.csv; IMG_9324.HEIC	Berlin hiring-list row | no contact captured.	OCR: IMG_9324.txt		
Germany	Direct Employer	DastN GmbH	Hiring company / Germany list						To Contact					High	No	Run company careers/LinkedIn check	Current Master Job Tracker; Screenshot proposal: outside-dubai-proposed.csv; IMG_9325.HEIC	Germany-wide hiring-list row | no contact captured.	OCR: IMG_9325.txt		
Germany	Direct Employer	DeepL	Hiring company / Germany list						To Contact					High	No	Run company careers/LinkedIn check	Current Master Job Tracker; Screenshot proposal: outside-dubai-proposed.csv; IMG_9325.HEIC	Cologne hiring-list row | no contact captured.	OCR: IMG_9325.txt		
Germany	Direct Employer	Distribusion	Hiring company / Germany list						To Contact					High	No	Run company careers/LinkedIn check	Current Master Job Tracker; Screenshot proposal: outside-dubai-proposed.csv; IMG_9324.HEIC	Berlin hiring-list row | no contact captured.	OCR: IMG_9324.txt		
Germany	Direct Employer	exmox	Hiring company / Germany list						To Contact					High	No	Run company careers/LinkedIn check	Current Master Job Tracker; Screenshot proposal: outside-dubai-proposed.csv; IMG_9325.HEIC	Hamburg hiring-list row | no contact captured.	OCR: IMG_9325.txt		
Germany	Direct Employer	FINN	Hiring company / Germany list						To Contact					High	No	Run company careers/LinkedIn check	Current Master Job Tracker; Screenshot proposal: outside-dubai-proposed.csv; IMG_9324.HEIC	Munich hiring-list row | no contact captured.	OCR: IMG_9324.txt		
Germany	Direct Employer	Flix	Hiring company / Germany list						To Contact					High	No	Run company careers/LinkedIn check	Current Master Job Tracker; Screenshot proposal: outside-dubai-proposed.csv; IMG_9324.HEIC	Munich hiring-list row | no contact captured.	OCR: IMG_9324.txt		
Germany	Direct Employer	Forto	Hiring company / Germany list						To Contact					High	No	Run company careers/LinkedIn check	Current Master Job Tracker; Screenshot proposal: outside-dubai-proposed.csv; IMG_9324.HEIC	Berlin hiring-list row | no contact captured.	OCR: IMG_9324.txt		
Germany	Direct Employer	GetYourGuide	Hiring company / Germany list						To Contact					High	No	Run company careers/LinkedIn check	Current Master Job Tracker; Screenshot proposal: outside-dubai-proposed.csv; IMG_9324.HEIC	Berlin hiring-list row | no contact captured.	OCR: IMG_9324.txt		
Germany	Direct Employer	Helsing	Hiring company / Germany list						To Contact					High	No	Run company careers/LinkedIn check	Current Master Job Tracker; Screenshot proposal: outside-dubai-proposed.csv; IMG_9324.HEIC	Munich hiring-list row | no contact captured.	OCR: IMG_9324.txt		
Germany	Direct Employer	Infineon Technologies	Hiring company / Germany list						To Contact					High	No	Run company careers/LinkedIn check	Current Master Job Tracker; Screenshot proposal: outside-dubai-proposed.csv; IMG_9324.HEIC	Munich hiring-list row | no contact captured.	OCR: IMG_9324.txt		
Germany	Direct Employer	Kaufland e-commerce	Hiring company / Germany list						To Contact					High	No	Run company careers/LinkedIn check	Current Master Job Tracker; Screenshot proposal: outside-dubai-proposed.csv; IMG_9325.HEIC	Cologne hiring-list row | no contact captured.	OCR: IMG_9325.txt		
Germany	Direct Employer	Kombo	Hiring company / Germany list						To Contact					High	No	Run company careers/LinkedIn check	Current Master Job Tracker; Screenshot proposal: outside-dubai-proposed.csv; IMG_9324.HEIC	Berlin hiring-list row | no contact captured.	OCR: IMG_9324.txt		
Germany	Direct Employer	Lilium	Hiring company / Germany list						To Contact					High	No	Run company careers/LinkedIn check	Current Master Job Tracker; Screenshot proposal: outside-dubai-proposed.csv; IMG_9324.HEIC	Munich hiring-list row | no contact captured.	OCR: IMG_9324.txt		
Germany	Direct Employer	LILLYDOO	Hiring company / Germany list						To Contact					High	No	Run company careers/LinkedIn check	Current Master Job Tracker; Screenshot proposal: outside-dubai-proposed.csv; IMG_9325.HEIC	Frankfurt hiring-list row | no contact captured.	OCR: IMG_9325.txt		
Germany	Direct Employer	Lufthansa Systems	Hiring company / Germany list						To Contact					High	No	Run company careers/LinkedIn check	Current Master Job Tracker; Screenshot proposal: outside-dubai-proposed.csv; IMG_9325.HEIC	Raunheim hiring-list row | no contact captured.	OCR: IMG_9325.txt		
Germany	Direct Employer	Mambo	Hiring company / Germany list						To Contact					High	No	Run company careers/LinkedIn check	Current Master Job Tracker; Screenshot proposal: outside-dubai-proposed.csv; IMG_9324.HEIC	Berlin hiring-list row | no contact captured.	OCR: IMG_9324.txt		
Germany	Direct Employer	Monika Saleta	Job lead / direct employer			job@monikasaleta.com			To Contact					High	No	Run company careers/LinkedIn check	Current Master Job Tracker; Screenshot proposal: outside-dubai-proposed.csv; IMG_8951.HEIC	Remote Europe role | company HQ location is Germany.	https://monikasaleta.com; monikasaleta.com; OCR: IMG_8951.txt		
Germany	Direct Employer	Omio	Hiring company / Germany list						To Contact					High	No	Run company careers/LinkedIn check	Current Master Job Tracker; Screenshot proposal: outside-dubai-proposed.csv; IMG_9324.HEIC	Berlin hiring-list row | no contact captured.	OCR: IMG_9324.txt		
Germany	Direct Employer	Personio	Hiring company / Germany list						To Contact					High	No	Run company careers/LinkedIn check	Current Master Job Tracker; Screenshot proposal: outside-dubai-proposed.csv; IMG_9324.HEIC	Munich hiring-list row | no contact captured.	OCR: IMG_9324.txt		
Germany	Direct Employer	Raisin	Hiring company / Germany list						To Contact					High	No	Run company careers/LinkedIn check	Current Master Job Tracker; Screenshot proposal: outside-dubai-proposed.csv; IMG_9324.HEIC	Berlin hiring-list row | no contact captured.	OCR: IMG_9324.txt		
Germany	Direct Employer	SAP	Hiring company / Germany list						To Contact					High	No	Run company careers/LinkedIn check	Current Master Job Tracker; Screenshot proposal: outside-dubai-proposed.csv; IMG_9324.HEIC	Walldorf hiring-list row | no contact captured.	OCR: IMG_9324.txt		
Germany	Direct Employer	Siemens	Hiring company / Germany list						To Contact					High	No	Run company careers/LinkedIn check	Current Master Job Tracker; Screenshot proposal: outside-dubai-proposed.csv; IMG_9324.HEIC	Munich hiring-list row | no contact captured.	OCR: IMG_9324.txt		
Germany	Direct Employer	Solaris	Hiring company / Germany list						To Contact					High	No	Run company careers/LinkedIn check	Current Master Job Tracker; Screenshot proposal: outside-dubai-proposed.csv; IMG_9324.HEIC	Berlin hiring-list row | no contact captured.	OCR: IMG_9324.txt		
Germany	Direct Employer	Sonarsource	Hiring company / Germany list						To Contact					High	No	Run company careers/LinkedIn check	Current Master Job Tracker; Screenshot proposal: outside-dubai-proposed.csv; IMG_9325.HEIC	Bochum hiring-list row | no contact captured.	OCR: IMG_9325.txt		
Germany	Direct Employer	SumUp	Hiring company / Germany list						To Contact					High	No	Run company careers/LinkedIn check	Current Master Job Tracker; Screenshot proposal: outside-dubai-proposed.csv; IMG_9324.HEIC	Berlin hiring-list row | no contact captured.	OCR: IMG_9324.txt		
Germany	Direct Employer	Taxfix	Hiring company / Germany list						To Contact					High	No	Run company careers/LinkedIn check	Current Master Job Tracker; Screenshot proposal: outside-dubai-proposed.csv; IMG_9324.HEIC	Berlin hiring-list row | no contact captured.	OCR: IMG_9324.txt		
Germany	Direct Employer	TRUECHART	Hiring company / Germany list						To Contact					High	No	Run company careers/LinkedIn check	Current Master Job Tracker; Screenshot proposal: outside-dubai-proposed.csv; IMG_9325.HEIC	Southern Germany hiring-list row | no contact captured.	OCR: IMG_9325.txt		
Germany	Direct Employer	Volkswagen Group	Hiring company / Germany list						To Contact					High	No	Run company careers/LinkedIn check	Current Master Job Tracker; Screenshot proposal: outside-dubai-proposed.csv; IMG_9325.HEIC	Wolfsburg hiring-list row | no contact captured.	OCR: IMG_9325.txt		
Germany	Direct Employer	Volocopter	Hiring company / Germany list						To Contact					High	No	Run company careers/LinkedIn check	Current Master Job Tracker; Screenshot proposal: outside-dubai-proposed.csv; IMG_9325.HEIC	Bruchsal hiring-list row | no contact captured.	OCR: IMG_9325.txt		
Germany	Direct Employer	Wolt Germany	Hiring company / Germany list						To Contact					High	No	Run company careers/LinkedIn check	Current Master Job Tracker; Screenshot proposal: outside-dubai-proposed.csv; IMG_9324.HEIC	Berlin hiring-list row | no contact captured.	OCR: IMG_9324.txt		
Germany / USA / Remote / Hybrid	Direct Employer	Monikasaleta	Job lead / direct employer			job@monikasaleta.com			To Contact					High	Yes	Verify OCR email/domain before outreach	Raw OCR: IMG_8951.HEIC	"OCR raw safety-net row from screenshot; verify before outreach. @"" UI/UX Designer | Email job@monikasaleta.com if your skills closely match | the role (this is the only way to apply — no LinkedIn | by the client will be contacted directly by their recruiters"			
Netherlands	Agency	Adams Multilingual	Recruiter / sponsor list						To Contact					High	No	Run agency website/LinkedIn check	Current Master Job Tracker; Screenshot proposal: outside-dubai-proposed.csv; IMG_8718.HEIC	Amsterdam sponsor-list lead | no contact captured.	OCR: IMG_8718.txt		
Netherlands	Agency	Airswift	Recruiter / sponsor list						To Contact					High	No	Run agency website/LinkedIn check	Current Master Job Tracker; Screenshot proposal: outside-dubai-proposed.csv; IMG_8718.HEIC	Amsterdam sponsor-list lead | no contact captured.	OCR: IMG_8718.txt		
Netherlands	Agency	Blue Lynx	Recruiter / sponsor list						To Contact					High	No	Run agency website/LinkedIn check	Current Master Job Tracker; Screenshot proposal: outside-dubai-proposed.csv; IMG_8718.HEIC	Amsterdam sponsor-list lead | no contact captured.	OCR: IMG_8718.txt		
Netherlands	Agency	Hays	Recruiter / sponsor list						To Contact					High	No	Run agency website/LinkedIn check	Current Master Job Tracker; Screenshot proposal: outside-dubai-proposed.csv; IMG_8718.HEIC	Amsterdam sponsor-list lead | no contact captured.	OCR: IMG_8718.txt		
Netherlands	Agency	Michael Page	Recruiter / sponsor list						To Contact					High	No	Run agency website/LinkedIn check	Current Master Job Tracker; Screenshot proposal: outside-dubai-proposed.csv; IMG_8718.HEIC	Amsterdam sponsor-list lead | no contact captured.	OCR: IMG_8718.txt		
Netherlands	Agency	Octagon Professionals	Recruiter / sponsor list						To Contact					High	No	Run agency website/LinkedIn check	Current Master Job Tracker; Screenshot proposal: outside-dubai-proposed.csv; IMG_8718.HEIC	Amsterdam sponsor-list lead | no contact captured.	OCR: IMG_8718.txt		
Netherlands	Agency	Randstad	Recruiter / sponsor list						To Contact					High	No	Run agency website/LinkedIn check	Current Master Job Tracker; Screenshot proposal: outside-dubai-proposed.csv; IMG_8718.HEIC	Amsterdam sponsor-list lead | no contact captured.	OCR: IMG_8718.txt		
Netherlands	Agency	Ravecruitment	Recruiter / sponsor list						To Contact					High	No	Run agency website/LinkedIn check	Current Master Job Tracker; Screenshot proposal: outside-dubai-proposed.csv; IMG_8718.HEIC	Amsterdam sponsor-list lead | no contact captured.	OCR: IMG_8718.txt		
Netherlands	Agency	Undutchables	Recruiter / sponsor list						To Contact					High	No	Run agency website/LinkedIn check	Current Master Job Tracker; Screenshot proposal: outside-dubai-proposed.csv; IMG_8718.HEIC	Amsterdam sponsor-list lead | no contact captured.	OCR: IMG_8718.txt		
United Kingdom	Direct Employer	ARK Schools	Visa-sponsored employer list						To Contact					High	No	Run company careers/LinkedIn check	Current Master Job Tracker; Screenshot proposal: outside-dubai-proposed.csv; IMG_8733.HEIC	Croydon | Teaching Assistant / early education support roles.	OCR: IMG_8733.txt		
United Kingdom	Direct Employer	Capgemini	Visa-sponsored employer list						To Contact					High	No	Run company careers/LinkedIn check	Current Master Job Tracker; Screenshot proposal: outside-dubai-proposed.csv; IMG_8733.HEIC	Manchester | Glasgow | Birmingham | Bristol | Software Engineer | Data Analyst | Consulting | Digital Transformation.	OCR: IMG_8733.txt		
United Kingdom	Direct Employer	Lloyds Banking Group	Visa-sponsored employer list						To Contact					High	No	Run company careers/LinkedIn check	Current Master Job Tracker; Screenshot proposal: outside-dubai-proposed.csv; IMG_8733.HEIC	Leeds | Manchester | Bristol | Edinburgh | Tech & Data | Software Engineering | Finance | Risk & Analytics.	OCR: IMG_8733.txt		
United Kingdom	Direct Employer	Medivet	Visa-sponsored employer list						To Contact					High	No	Run company careers/LinkedIn check	Current Master Job Tracker; Screenshot proposal: outside-dubai-proposed.csv; IMG_8733.HEIC	Birmingham | Manchester | Leeds | Nottingham | Bristol | Cambridge | Veterinary Surgeon / clinical roles.	OCR: IMG_8733.txt		
United Kingdom	Direct Employer	MSQUIRE IT Services Ltd	Visa-sponsored employer list						To Contact					High	No	Run company careers/LinkedIn check	Current Master Job Tracker; Screenshot proposal: outside-dubai-proposed.csv; IMG_8733.HEIC	Reading | Business Analyst | Data Analyst | Tech Consulting.	OCR: IMG_8733.txt		
United Kingdom	Direct Employer	YotoPlay	UK product company	Matthew Jackson	matthew.jackson@yotoplay.com	matthew.jackson@yotoplay.com		Senior Product Designer (Core App)	Rejected / Appeal Sent	2026-05-15	2026-05-15		Rejected	High	No	No action unless they respond to appeal	Gmail sent last month	Sent response after rejection asking for chance to present work before being ruled out.	https://www.yotoplay.com	19e2b240c88e4c44	19e2b24375391537
Worldwide / Remote	Agency	Antal	Global recruitment agency		info@antal.com	info@antal.com		Product Designer / UI/UX / Digital Roles	Applied	2026-06-02	2026-06-02	2026-06-09	No Reply	High	No	Follow up if no response	Gmail sent last month	Updated agency CV sent for specialist digital and product hiring.		19e89d28a4d760b1	19e89d28a4d760b1
Worldwide / Remote	Agency	Executive Solutions ME				info@executivesolutionsme.com			Applied		2026-06-03	2026-06-10		Unknown	Yes	Follow up if no response	Current Master Job Tracker	Executive Solutions ME-specific CV sent. Gmail sent id: 19e8e0863577fe43. Sent to info@executivesolutionsme.com with attached agency CV.			
Worldwide / Remote	Agency	Experts Recruitment				gaile@expertsrecruitment.com			Applied		2026-06-03	2026-06-10		Unknown	Yes	Follow up if no response	Current Master Job Tracker	Experts Recruitment-specific CV sent. Gmail sent id: 19e8e08855ab62ee. Sent to gaile@expertsrecruitment.com with attached agency CV.			
Worldwide / Remote	Agency	Gmail contact lead	Agency / recruiter			jobs.orange001@gmail.com	WhatsApp: +91 70820 01810		To Contact					Medium	Yes	Verify OCR email/domain before outreach	Raw OCR: IMG_8950.HEIC	OCR raw safety-net row from screenshot; verify before outreach. 4 = L] | ny - LD) | (0) orange_corporate | Follow | Idhar aao. Apna CV bhejo. Aapko job dilwayenge. | Banking. Finance. Insurance. Real openings. Real			
Worldwide / Remote	Agency	Inspire Selection				info@inspireselection.com			To Contact					Unknown	Yes	Run company careers/LinkedIn check	Current Master Job Tracker				
Worldwide / Remote	Agency	JVI Global				jobseekers@jvi-global.com; employers@jvi-global.com			To Contact					Unknown	Yes	Run company careers/LinkedIn check	Current Master Job Tracker				
Worldwide / Remote	Agency	Kershaw Leonard				mike@kershawleonard.net			To Contact					Unknown	Yes	Run company careers/LinkedIn check	Current Master Job Tracker				
Worldwide / Remote	Agency	Lobo Management				lobo@lobomanagement.com			To Contact					Unknown	Yes	Run company careers/LinkedIn check	Current Master Job Tracker				
Worldwide / Remote	Agency	Mackenzie Jones				info@mackenziejones.com			To Contact					Unknown	Yes	Run company careers/LinkedIn check	Current Master Job Tracker				
Worldwide / Remote	Agency	Muhammed Mujitaba	Remote recruiter / role lead needing verification	Muhammed Mujitaba	muhammedmujitaba@zohomail.com	muhammedmujitaba@zohomail.com		Remote UI/UX Designer	Needs Review	2026-05-29	2026-05-24		Replied	Medium	Yes	Do not pay for resume optimization; continue only if a real role is shared	Gmail sent last month	Application was sent 2026-05-24; recruiter asked details; later suggested resume optimization service; user declined service and asked for real opportunities.		19e5b026f7c1d3f2	19e7325080494982
Worldwide / Remote	Agency	Nadia Global				Contact@nadiaglobal.com			To Contact					Unknown	Yes	Run company careers/LinkedIn check	Current Master Job Tracker				
Worldwide / Remote	Agency	Nathan HR				info@nathanhr.com			To Contact					Unknown	Yes	Run company careers/LinkedIn check	Current Master Job Tracker				
Worldwide / Remote	Agency	Onething	Agency / recruiter			people@onething.design			To Contact					Medium	Yes	Verify OCR email/domain before outreach	Raw OCR: IMG_7193.HEIC	OCR raw safety-net row from screenshot; verify before outreach. While somelcompanies + . | { | RN - | 4 hod | Apply at: people@onething.design L | #growth #hiring #uxui #design #designers			
Worldwide / Remote	Agency	Randstad				corporate.communications@randstad.com			To Contact					Unknown	Yes	Run company careers/LinkedIn check	Current Master Job Tracker				
Worldwide / Remote	Agency	Receptionist PA				info@receptionistpa.com			To Contact					Unknown	Yes	Run company careers/LinkedIn check	Current Master Job Tracker				
Worldwide / Remote	Agency	SSA Ltd				ian.mclean@ssaltd.com			To Contact					Unknown	Yes	Run company careers/LinkedIn check	Current Master Job Tracker				
Worldwide / Remote	Agency	Studiomurb	Agency / recruiter			hey@studiomurb.com			To Contact					High	Yes	Verify OCR email/domain before outreach	Raw OCR: IMG_8843.HEIC	OCR raw safety-net row from screenshot; verify before outreach. @ ® | Subject: Role + Name | > Hey@studiomurb.com oO | beyond, multiple roles are now open.			
Worldwide / Remote	Agency	Sundus Recruitment				cv@sundusrecruitment.com; info@sundusrecruitment.com			To Contact					Unknown	Yes	Run company careers/LinkedIn check	Current Master Job Tracker				
Worldwide / Remote	Agency	Talascend				talascend.marketing@talascend.com			To Contact					Unknown	Yes	Run company careers/LinkedIn check	Current Master Job Tracker				
Worldwide / Remote	Agency	TASC Outsourcing				dxbjobs@tascoutsourcing.com; request@tascoutsourcing.com; info@tascoutsourcing.com			To Contact					Unknown	Yes	Run company careers/LinkedIn check	Current Master Job Tracker				
Worldwide / Remote	Agency	Transsion	Agency / recruiter			kai.mao@transsion.com			To Contact					High	Yes	Verify OCR email/domain before outreach	Raw OCR: IMG_8480.HEIC	OCR raw safety-net row from screenshot; verify before outreach. 2.10+ Years in Engineering Recruitment: Specialized in | recruiting top-tier engineers, including being one of the | pioneering recruiters for Golang developers in China since | 3:Niche Language Expertise: Proficient in recruiting talent			
Worldwide / Remote	Agency	Xperts Jobs				cv@xpertsjobs.com			To Contact					Unknown	Yes	Run company careers/LinkedIn check	Current Master Job Tracker				
France / Remote	Direct Employer	Dozamenart	Creative agency / remote			Dozamenart.hiring@gmail.com			To Contact					High	No	Run company careers/LinkedIn check	Current Master Job Tracker; Screenshot proposal: outside-dubai-proposed.csv; IMG_8492.HEIC	Paris / Remote | Gmail contact but country is explicit in the post.	OCR: IMG_8492.txt		
Worldwide / Remote	Direct Employer	ADCB				careers@adcb.com			Applied					Low	Yes	Monitor and outreach	Current Master Job Tracker				
Worldwide / Remote	Direct Employer	Al Thawiya	Unclassified lead			enquiry@al-thawiya.com			To Contact					Medium	Yes	Verify OCR email/domain before outreach	Raw OCR: IMG_8334.HEIC	OCR raw safety-net row from screenshot; verify before outreach. 20. info@inspireselection.com | | 21. dxbjobs@tascoutsourcing.com | 22. request@tascoutsourcing.com | 23. info@tascoutsourcing.com			
Worldwide / Remote	Direct Employer	Almansoorgroup	Unclassified lead			info@almansoorgroup.com			To Contact					Medium	Yes	Verify OCR email/domain before outreach	Raw OCR: IMG_8334.HEIC	OCR raw safety-net row from screenshot; verify before outreach. 20. info@inspireselection.com | | 21. dxbjobs@tascoutsourcing.com | 22. request@tascoutsourcing.com | 23. info@tascoutsourcing.com			
Worldwide / Remote	Direct Employer	Alnahiya	Unclassified lead			enquiries@alnahiya.com			To Contact					Medium	Yes	Verify OCR email/domain before outreach	Raw OCR: IMG_8334.HEIC	OCR raw safety-net row from screenshot; verify before outreach. 20. info@inspireselection.com | | 21. dxbjobs@tascoutsourcing.com | 22. request@tascoutsourcing.com | 23. info@tascoutsourcing.com			
Worldwide / Remote	Direct Employer	Alvakil	Unclassified lead			adminmumbai@alvakil.net; jobs@alvakil.net			To Contact					Medium	Yes	Verify OCR email/domain before outreach	Raw OCR: IMG_8334.HEIC	OCR raw safety-net row from screenshot | verify before outreach. 20. info@inspireselection.com | 21. dxbjobs@tascoutsourcing.com | 22. request@tascoutsourcing.com | 23. info@tascoutsourcing.com			
Worldwide / Remote	Direct Employer	Antal	Unclassified lead			info@antal.com			To Contact					Medium	Yes	Verify OCR email/domain before outreach	Raw OCR: IMG_8334.HEIC	OCR raw safety-net row from screenshot; verify before outreach. 20. info@inspireselection.com | | 21. dxbjobs@tascoutsourcing.com | 22. request@tascoutsourcing.com | 23. info@tascoutsourcing.com			
Worldwide / Remote	Direct Employer	Artgripper	Unclassified lead			hello@artgripper.studio			To Contact					Medium	Yes	Verify OCR email/domain before outreach	Raw OCR: IMG_7925.HEIC	OCR raw safety-net row from screenshot; verify before outreach. send port | i | hello@artgripper.studio			
Worldwide / Remote	Direct Employer	Aster DM Healthcare				careers@asterhospital.com			To Contact					Unknown	Yes	Run company careers/LinkedIn check	Current Master Job Tracker				
Worldwide / Remote	Direct Employer	Bayt.com				hr@bayt.com			To Contact					Unknown	Yes	Run company careers/LinkedIn check	Current Master Job Tracker				
Worldwide / Remote	Direct Employer	Brandfy	Job lead / direct employer			info@brandfy.net			To Contact					Medium	Yes	Verify OCR email/domain before outreach	Raw OCR: IMG_6882.HEIC	OCR raw safety-net row from screenshot; verify before outreach. 4:20 9 2! 56 @ | To Apply Send your CV To info@brandfy.net W, | SWIPE for hiring! \74 | Apply now: info@brandfy.net			
Worldwide / Remote	Direct Employer	Bsd	Job lead / direct employer			amlanjyotibharali@bsd.ed	6000236346; 9620045916 - 1		To Contact					Medium	Yes	Verify OCR email/domain before outreach	Raw OCR: IMG_9183.HEIC	OCR raw safety-net row from screenshot; verify before outreach. © amlanjyotibharali@bsd.ed | N AX/UX/UI Designer | Product Designer | We're excited to announce an opening for the coe			
Worldwide / Remote	Direct Employer	Crevia Media	Media / creative company inferred from email domain	Wadood	wadood@creviamedia.com	wadood@creviamedia.com		Senior Product Designer	Applied	2026-06-04	2026-06-04	2026-06-11	No Reply	Medium	Yes	Follow up if this was a job lead from chat or referral	Gmail sent last month	Sent short profile email with portfolio and contact details.		19e933148c6fb3d7	19e93316e4ed50e0
Worldwide / Remote	Direct Employer	DAMAC Properties				careers@damacgroup.com			To Contact					Unknown	Yes	Run company careers/LinkedIn check	Current Master Job Tracker				
Worldwide / Remote	Direct Employer	DP World				careers@dpworld.com			To Contact					Unknown	Yes	Run company careers/LinkedIn check	Current Master Job Tracker				
Worldwide / Remote	Direct Employer	Emergent AI	AI product/company lead	Disha	disha@emergent.sh	disha@emergent.sh		Product Designer	Applied	2026-06-01	2026-06-01	2026-06-08	No Reply	Medium	No	Follow up only if still a priority	Gmail sent last month	Sent request for an opportunity to prove fit after prior applications.	https://emergent.sh	19e82fd92df63aab	19e82fd92df63aab
Worldwide / Remote	Direct Employer	Emirates Group				careers@emirates.com; https://www.emiratesgroupcareers.com/			To Contact					Unknown	Yes	Run company careers/LinkedIn check	Current Master Job Tracker				
Worldwide / Remote	Direct Employer	Emirates NBD				careers@emiratesnbd.com		Senior Product Designer (Design Systems); older Product Designer listing	To Contact					Medium	No	Apply via GSSTech or verify direct careers	Current Master Job Tracker		https://www.glassdoor.com/job-listing/senior-product-designer-design-systems-gsstech-group-JV_IC2204498_KO0%2C38_KE39%2C52.htm?jl=1010083370981; https://www.hubmub.com/jobs/596850/product-designer		
Worldwide / Remote	Direct Employer	EVOQ (Real Estate)				WhatsApp: +971523321256			To Contact					Unknown	Yes	Run company careers/LinkedIn check	Current Master Job Tracker				
Worldwide / Remote	Direct Employer	Executivesolutionsme	Unclassified lead			info@executivesolutionsme.com			To Contact					Medium	Yes	Verify OCR email/domain before outreach	Raw OCR: IMG_8334.HEIC	OCR raw safety-net row from screenshot; verify before outreach. 20. info@inspireselection.com | | 21. dxbjobs@tascoutsourcing.com | 22. request@tascoutsourcing.com | 23. info@tascoutsourcing.com			
Worldwide / Remote	Direct Employer	Expertsrecruitment	Unclassified lead			gaile@expertsrecruitment.com			To Contact					Medium	Yes	Verify OCR email/domain before outreach	Raw OCR: IMG_8334.HEIC	OCR raw safety-net row from screenshot; verify before outreach. 20. info@inspireselection.com | | 21. dxbjobs@tascoutsourcing.com | 22. request@tascoutsourcing.com | 23. info@tascoutsourcing.com			
Worldwide / Remote	Direct Employer	Gmail contact lead	Job lead / direct employer			dozamenart.hiring@gmail.com			To Contact					Medium	Yes	Verify OCR email/domain before outreach	Raw OCR: IMG_8492.HEIC	OCR raw safety-net row from screenshot; verify before outreach. dozamenart WE ARE HIRING. | DM or Dozamenart.hiring@gmail.com			
Worldwide / Remote	Direct Employer	Gmail contact lead	Job lead / direct employer			neerajiwtwrs@gmail.com			To Contact					Medium	Yes	Verify OCR email/domain before outreach	Raw OCR: IMG_8949.HEIC	OCR raw safety-net row from screenshot; verify before outreach. ET = - bo a — = | Si | Hiring: | neerajiwtwrs@gmail.com			
Worldwide / Remote	Direct Employer	Gmail contact lead	Unclassified lead			sukhakala.id@gmail.com			To Contact					Low	Yes	Verify OCR email/domain before outreach	Raw OCR: IMG_9185.HEIC	OCR raw safety-net row from screenshot; verify before outreach. sukhakala.id@gmail.com | | i | a A - d | et = ol nt			
Worldwide / Remote	Direct Employer	Gmail contact lead	Unclassified lead			shivanimainacc@gmail.com			To Contact					Low	Yes	Verify OCR email/domain before outreach	Raw OCR: IMG_9218.HEIC	OCR raw safety-net row from screenshot; verify before outreach. § AN Shivani Verma | Corporate Life Comedy | Corporate life memes that hurt @ | Collabs | Promotions | UGC | shivanimainacc@gmail.com			
Worldwide / Remote	Direct Employer	Holy Studio	Remote creative studio			hi@holystudio.co			To Contact					High	No	Run company careers/LinkedIn check	Current Master Job Tracker; Screenshot proposal: outside-dubai-proposed.csv; IMG_8359.HEIC	Remote-friendly mid-level designer role.	https://holystudio.co; holystudio.co; OCR: IMG_8359.txt		
Worldwide / Remote	Direct Employer	Holystudio	Job lead / direct employer			hi@holystudio.co			To Contact					High	Yes	Verify OCR email/domain before outreach	Raw OCR: IMG_8359.HEIC	OCR raw safety-net row from screenshot; verify before outreach. HI@HOLYSTUDIOCO | holystudio.co OPEN ROLE / MID LEVEL DESIGNER | Remote friendly role | Portfolios to hi@holystudio.co			
Worldwide / Remote	Direct Employer	Inspireselection	Unclassified lead			info@inspireselection.com			To Contact					Medium	Yes	Verify OCR email/domain before outreach	Raw OCR: IMG_8334.HEIC	OCR raw safety-net row from screenshot; verify before outreach. 20. info@inspireselection.com | | 21. dxbjobs@tascoutsourcing.com | 22. request@tascoutsourcing.com | 23. info@tascoutsourcing.com			
Worldwide / Remote	Direct Employer	Jumeirah Group				careers@jumeirah.com			To Contact					Unknown	Yes	Run company careers/LinkedIn check	Current Master Job Tracker				
Worldwide / Remote	Direct Employer	Jvi Global	Unclassified lead			employers@jvi-global.com			To Contact					Medium	Yes	Verify OCR email/domain before outreach	Raw OCR: IMG_8334.HEIC	OCR raw safety-net row from screenshot; verify before outreach. 20. info@inspireselection.com | | 21. dxbjobs@tascoutsourcing.com | 22. request@tascoutsourcing.com | 23. info@tascoutsourcing.com			
Worldwide / Remote	Direct Employer	Kershawleonard	Unclassified lead			mike@kershawleonard.net			To Contact					Medium	Yes	Verify OCR email/domain before outreach	Raw OCR: IMG_8334.HEIC	OCR raw safety-net row from screenshot; verify before outreach. 20. info@inspireselection.com | | 21. dxbjobs@tascoutsourcing.com | 22. request@tascoutsourcing.com | 23. info@tascoutsourcing.com			
Worldwide / Remote	Direct Employer	Lovedwell	Job lead / direct employer			info@lovedwell.com			To Contact					Medium	Yes	Verify OCR email/domain before outreach	Raw OCR: IMG_8482.HEIC	OCR raw safety-net row from screenshot; verify before outreach. 03:47 @ HIRO 28 J | To Apply: | to info@lovedwell.com | Go) lovedwell_ | Follow N74			
Worldwide / Remote	Direct Employer	Majid Al Futtaim				https://careers.majidalfuttaim.com/			To Contact					Unknown	Yes	Run company careers/LinkedIn check	Current Master Job Tracker				
Worldwide / Remote	Direct Employer	Mashreq Bank				careers@mashreqbank.com			To Contact					Low	Yes	Monitor and outreach	Current Master Job Tracker				
Worldwide / Remote	Direct Employer	Microsoft Gulf				careers@microsoft.com		UX Designer result found outside UAE	To Contact					Low	Yes	Monitor careers	Current Master Job Tracker		https://designproject.io/jobs/jobs/ux-designer-ii-at-microsoft-x2ydsb		
Worldwide / Remote	Direct Employer	Museocamera	Unclassified lead			contact@museocamera.org			To Contact					Medium	Yes	Verify OCR email/domain before outreach	Raw OCR: IMG_9156.HEIC	OCR raw safety-net row from screenshot; verify before outreach. Open roles: | Send your CV/portfolio to contact@museocamera.org			
Worldwide / Remote	Direct Employer	Nakheel				careers@nakheel.com			To Contact					Unknown	Yes	Run company careers/LinkedIn check	Current Master Job Tracker				
Worldwide / Remote	Direct Employer	Nikahforever	Job lead / direct employer			career@nikahforever.com	WhatsApp: +91-8448293814		To Contact					Medium	Yes	Verify OCR email/domain before outreach	Raw OCR: IMG_7919.HEIC	OCR raw safety-net row from screenshot; verify before outreach. Ready to make a difference? Apply Now! N74 | BE Send your CV to: [career@nikahforever.com]			
Worldwide / Remote	Direct Employer	Noon				talent@noon.com; careers@noon.com		Product Designer result found, likely Gurgaon not Dubai	To Contact					Low	Yes	Verify location before applying	Current Master Job Tracker		https://jobs.weekday.works/noon-product-designer		
Worldwide / Remote	Direct Employer	Pfaffmotorsports	Job lead / direct employer			jobs@pfaffmotorsports.com			To Contact					Medium	Yes	Verify OCR email/domain before outreach	Raw OCR: IMG_7207.HEIC	OCR raw safety-net row from screenshot; verify before outreach. HOW TO APPLY? | jobs@pfaffmotorsports.com			
Worldwide / Remote	Direct Employer	Radlvng	Job lead / direct employer			talent@radlvng.com			To Contact					High	Yes	Verify OCR email/domain before outreach	Raw OCR: IMG_9323.HEIC	OCR raw safety-net row from screenshot; verify before outreach. Just tell us what drives you, what role | talent@radlvng.com | Subject: your name | the role you | Just tell us what drives you, what role			
Worldwide / Remote	Direct Employer	Randstad	Unclassified lead			corporate.communications@randstad.com			To Contact					Medium	Yes	Verify OCR email/domain before outreach	Raw OCR: IMG_8334.HEIC	OCR raw safety-net row from screenshot; verify before outreach. 20. info@inspireselection.com | | 21. dxbjobs@tascoutsourcing.com | 22. request@tascoutsourcing.com | 23. info@tascoutsourcing.com			
Worldwide / Remote	Direct Employer	Remote recruiter lead	Job lead / direct employer			muhammedmujitaba@zohomail.com			To Contact					High	Yes	Verify OCR email/domain before outreach	Raw OCR: IMG_9213.HEIC	OCR raw safety-net row from screenshot; verify before outreach. Ba IT Student | Ai Creative designer | D... | Hiring: UIJUX Designer | Apply: muhammedmujitaba@zohomail.com | #UIUXDesign #RemoteJobs #HiringNow #DesignJobs			
Worldwide / Remote	Direct Employer	Reslink	Unclassified lead			team@reslink.org	91-8303982425		To Contact					High	Yes	Verify OCR email/domain before outreach	Raw OCR: IMG_8744.HEIC	OCR raw safety-net row from screenshot; verify before outreach. team@reslink.org			
Worldwide / Remote	Direct Employer	Robertocastano	Job lead / direct employer			thephotobrapher@robertocastano.com; thephotographer@robertocastano.com			To Contact					Medium	Yes	Verify OCR email/domain before outreach	Raw OCR: IMG_8475.HEIC	OCR raw safety-net row from screenshot | verify before outreach. WE'RE HIRING | APPLY WITH CV AND PORTFOLIOTO: a | THEPHOTOBRAPHER@ROBERTOCASTANO.COM { | Si estas interesad@ puedes enviarnos tu portafolio a:			
Worldwide / Remote	Direct Employer	Rotana Hotels				https://www.rotanacareers.com/			To Contact					Unknown	Yes	Run company careers/LinkedIn check	Current Master Job Tracker				
Worldwide / Remote	Direct Employer	Shellconsultancy	Job lead / direct employer			careers@shellconsultancy.com			To Contact					Medium	Yes	Verify OCR email/domain before outreach	Raw OCR: IMG_8710.HEIC	OCR raw safety-net row from screenshot; verify before outreach. 21:27 4 oil TF @& | \apko job-dilwaye | | Fe Jig at ESN ko | at careers@shellconsultancy.com 40			
Worldwide / Remote	Direct Employer	Sitech	Job lead / direct employer			alaa@sitech.me			To Contact					High	Yes	Verify OCR email/domain before outreach	Raw OCR: IMG_9321.HEIC	"OCR raw safety-net row from screenshot; verify before outreach. Hiring | Drop your masterpiece right here: Bl alaa@sitech.me | "" Hello how can | apply WY,"			
Worldwide / Remote	Direct Employer	Socialwatch	Job lead / direct employer			hr@socialwatch.io			To Contact					Low	Yes	Verify OCR email/domain before outreach	Raw OCR: IMG_8730.HEIC	OCR raw safety-net row from screenshot; verify before outreach. FN | bi 4 : | socialwatchofficial WE ARE HIRING!! | We're looking for talented people to join our team. (All roles | Bm Reach out to us at [hr@socialwatch.io]			
Worldwide / Remote	Direct Employer	Soledxb	Unclassified lead			jobs@soledxb.com			To Contact					Medium	Yes	Verify OCR email/domain before outreach	Raw OCR: IMG_9184.HEIC	"OCR raw safety-net row from screenshot; verify before outreach. | pi i 8 ""ad b SL iE | to jobs@soledxb.com"			
Worldwide / Remote	Direct Employer	Ssaltd	Unclassified lead			ilan.mclean@ssaltd.com			To Contact					Medium	Yes	Verify OCR email/domain before outreach	Raw OCR: IMG_8334.HEIC	OCR raw safety-net row from screenshot; verify before outreach. 20. info@inspireselection.com | | 21. dxbjobs@tascoutsourcing.com | 22. request@tascoutsourcing.com | 23. info@tascoutsourcing.com			
Worldwide / Remote	Direct Employer	Style Elevated	Remote design / strategy role			hello@style-elevated.com			To Contact					High	Yes	Run company careers/LinkedIn check	Current Master Job Tracker; Screenshot proposal: outside-dubai-proposed.csv; IMG_9180.HEIC; Raw OCR: IMG_9180.HEIC	Remote role | similar time zone to EST preferred. | OCR raw safety-net row from screenshot | verify before outreach. To Apply | hello@style-elevated.com for review § @ | /@z%\ Vvincvixon 11h | § | Heyy | this sounds like a great for for me! I'll be ~~ CD	https://style-elevated.com; style-elevated.com; OCR: IMG_9180.txt		
Worldwide / Remote	Direct Employer	Talascend	Unclassified lead			talascend.marketing@talascend.com			To Contact					Medium	Yes	Verify OCR email/domain before outreach	Raw OCR: IMG_8334.HEIC	OCR raw safety-net row from screenshot; verify before outreach. 20. info@inspireselection.com | | 21. dxbjobs@tascoutsourcing.com | 22. request@tascoutsourcing.com | 23. info@tascoutsourcing.com			
Worldwide / Remote	Direct Employer	Tascoutsourcing	Unclassified lead			dxbjobs@tascoutsourcing.com; info@tascoutsourcing.com; request@tascoutsourcing.com			To Contact					Medium	Yes	Verify OCR email/domain before outreach	Raw OCR: IMG_8334.HEIC	OCR raw safety-net row from screenshot | verify before outreach. 20. info@inspireselection.com | 21. dxbjobs@tascoutsourcing.com | 22. request@tascoutsourcing.com | 23. info@tascoutsourcing.com			
Worldwide / Remote	Direct Employer	Theombre	Job lead / direct employer			careers@theombre.com			To Contact					Medium	Yes	Verify OCR email/domain before outreach	Raw OCR: IMG_8936.HEIC	OCR raw safety-net row from screenshot; verify before outreach. | J i | ombrebyhj We're hiring across roles. | Bm careers@theombre.com			
Worldwide / Remote	Direct Employer	UI/UX Designer (Remote - Global)	Remote product design role			muhammedmujitaba@zohomail.com			To Contact					High	No	Run company careers/LinkedIn check	Current Master Job Tracker; Screenshot proposal: outside-dubai-proposed.csv; IMG_9213.HEIC	Product design / technology / SaaS | global remote role.	OCR: IMG_9213.txt		
Worldwide / Remote	Direct Employer	Walks of Dubai	Remote job lead			hr@walksofdubai.com			To Contact					Medium	No	Run company careers/LinkedIn check	Current Master Job Tracker; Screenshot proposal: outside-dubai-proposed.csv; IMG_8071.HEIC	Remote post | Dubai-branded domain | but no country is explicit in OCR.	https://walksofdubai.com; walksofdubai.com; OCR: IMG_8071.txt		
Worldwide / Remote	Direct Employer	Walksofdubai	Unclassified lead			hr@walksofdubai.com			To Contact					Low	Yes	Verify OCR email/domain before outreach	Raw OCR: IMG_8071.HEIC	OCR raw safety-net row from screenshot; verify before outreach. i. | Aad ° | oma ni ECS | AINCAR | ee T | + | Tig pt HR —— le a= | AR a. ¢ | ONE foxeriigelanceundo Art Follow ||| i			
Worldwide / Remote	Direct Employer	Webveda	Job lead / direct employer			divyam.chutani@webveda.com			To Contact					High	Yes	Verify OCR email/domain before outreach	Raw OCR: IMG_9315.HEIC	OCR raw safety-net row from screenshot; verify before outreach. @ docs.google.com | We appreciate the time you are taking to apply | email on divyam.chutani@webveda.com			
Worldwide / Remote	Direct Employer	Ziina				anton.badashov@ziina.com; jocelyn.meyer@ziina.com		Senior Product Designer	Applied		2026-06-02	2026-06-09		High	No	Follow up in one week if no reply	Current Master Job Tracker	Sent tailored Ziina fintech CV. Gmail sent id: 19e898b575624043	https://job-boards.greenhouse.io/ziina/jobs/4631469101		
Worldwide / Remote	LinkedIn Search	ACX				Find via LinkedIn/Website			To Contact					Unknown	Yes	Run company careers/LinkedIn check	Current Master Job Tracker				
Worldwide / Remote	LinkedIn Search	Addenda				Find via LinkedIn/Website			To Contact					Unknown	Yes	Run company careers/LinkedIn check	Current Master Job Tracker				
Worldwide / Remote	LinkedIn Search	Amwal				Find via LinkedIn/Website			To Contact					Unknown	Yes	Run company careers/LinkedIn check	Current Master Job Tracker				
Worldwide / Remote	LinkedIn Search	Caliberly				Find via LinkedIn/Website			To Contact					Unknown	Yes	Run company careers/LinkedIn check	Current Master Job Tracker				
Worldwide / Remote	LinkedIn Search	Cander				Find via LinkedIn/Website			To Contact					Unknown	Yes	Run company careers/LinkedIn check	Current Master Job Tracker				
Worldwide / Remote	LinkedIn Search	Charterhouse				Find via LinkedIn/Website			To Contact					Unknown	Yes	Run company careers/LinkedIn check	Current Master Job Tracker				
Worldwide / Remote	LinkedIn Search	Cooper Fitch				Find via LinkedIn/Website			To Contact					Unknown	Yes	Run company careers/LinkedIn check	Current Master Job Tracker				
Worldwide / Remote	LinkedIn Search	Greengage				Find via LinkedIn/Website			To Contact					Unknown	Yes	Run company careers/LinkedIn check	Current Master Job Tracker				
Worldwide / Remote	LinkedIn Search	Halian				Find via LinkedIn/Website			To Contact					Unknown	Yes	Run company careers/LinkedIn check	Current Master Job Tracker				
Worldwide / Remote	LinkedIn Search	KinFitz & Co				Find via LinkedIn/Website			To Contact					Unknown	Yes	Run company careers/LinkedIn check	Current Master Job Tracker				
Worldwide / Remote	LinkedIn Search	Mallika Referral	Networking / interview preparation contact	Mallika	workwithmallikaa@gmail.com	workwithmallikaa@gmail.com		Microsoft interview preparation / Product Designer	Networking	2026-05-29	2026-05-29	2026-06-05	No Reply	Low	Yes	Keep only as networking or interview-prep contact	Gmail sent last month	Asked for Microsoft interview preparation insight and design referral context.		19e75a2a3017cc83	19e75a2a3017cc83
Worldwide / Remote	LinkedIn Search	Masdar				Find via LinkedIn/Website			To Contact					Unknown	Yes	Run company careers/LinkedIn check	Current Master Job Tracker				
Worldwide / Remote	LinkedIn Search	Million				Find via LinkedIn/Website			To Contact					Unknown	Yes	Run company careers/LinkedIn check	Current Master Job Tracker				
Worldwide / Remote	LinkedIn Search	Petty				Find via LinkedIn/Website			To Contact					Unknown	Yes	Run company careers/LinkedIn check	Current Master Job Tracker				
Worldwide / Remote	LinkedIn Search	Priyanka Referral	Referral / networking lead	Priyanka	workwithitspgiri@gmail.com	workwithitspgiri@gmail.com		UI Designer / UX Designer / Product Designer / Design Engineer	Networking	2026-05-25	2026-05-25	2026-06-01	No Reply	Low	Yes	Keep only as networking referral lead	Gmail sent last month	Referral request sent after seeing Priyanka's Google job content.		19e5e48a479bc250	19e5e48a479bc250
Worldwide / Remote	LinkedIn Search	Remote job resource list	Remote platform / resource list						To Contact					Low	Yes	Run company careers/LinkedIn check	Current Master Job Tracker; Screenshot proposal: outside-dubai-proposed.csv; IMG_8717.HEIC	Reference list only | no direct employer contact captured. Domains: thinkremote.org | rev.com | crowdgen.com | studypool.com | study.com | no direct employer contact captured.	https://thinkremote.org; https://rev.com; https://crowdgen.com; https://studypool.com; https://study.com; thinkremote.org; rev.com; crowdgen.com; studypool.com; study.com; OCR: IMG_8717.txt		
Worldwide / Remote	LinkedIn Search	Salt				Find via LinkedIn/Website			To Contact					Unknown	Yes	Run company careers/LinkedIn check	Current Master Job Tracker				
Worldwide / Remote	LinkedIn Search	She is Arab				Find via LinkedIn/Website			To Contact					Unknown	Yes	Run company careers/LinkedIn check	Current Master Job Tracker				
Worldwide / Remote	LinkedIn Search	Shivani main account				shivanimainacc@gmail.com			To Contact					Unknown	Yes	Run company careers/LinkedIn check	Current Master Job Tracker	Probably skip unless the screenshot visually confirms a real job lead.			
Worldwide / Remote	LinkedIn Search	Sparklo				Find via LinkedIn/Website			To Contact					Unknown	Yes	Run company careers/LinkedIn check	Current Master Job Tracker				
Worldwide / Remote	LinkedIn Search	Sukhakala				sukhakala.id@gmail.com			To Contact					Unknown	Yes	Run company careers/LinkedIn check	Current Master Job Tracker	Manual verification required.			
Worldwide / Remote	LinkedIn Search	Umatr				Find via LinkedIn/Website			To Contact					Unknown	Yes	Run company careers/LinkedIn check	Current Master Job Tracker				
Worldwide / Remote	Phone / WhatsApp Lead	BSD / Amlanjyoti UX UI lead				amlanjyotibharali@bsd.ed			To Contact					Unknown	Yes	Run company careers/LinkedIn check	Current Master Job Tracker	Phone plus malformed email; Phone: 6000236346; 9620045916. OCR email appears malformed; verify image before outreach.			
Worldwide / Remote	Phone / WhatsApp Lead	Freelance Video Editor lead				WhatsApp: 9511116204			To Contact					Unknown	Yes	Run company careers/LinkedIn check	Current Master Job Tracker	Phone-only creative job lead; OCR screenshot only			
Worldwide / Remote	Phone / WhatsApp Lead	OCR phone lead - IMG_8494.HEIC	Job lead / direct employer				9511116204		To Contact					High	Yes	Verify phone/WhatsApp lead before outreach	Raw OCR: IMG_8494.HEIC	OCR raw safety-net row from screenshot; verify before outreach. Aryan Chaudhary @ . 1 as | @ 7h - Edited - ® | We Are Hiring: Freelance Video Editor | Apply now or tag someone who would be perfect for this			
Worldwide / Remote	Phone / WhatsApp Lead	Reslink lead				team@reslink.org			To Contact					Unknown	Yes	Run company careers/LinkedIn check	Current Master Job Tracker	Phone plus domain mismatch; Phone: +91 8303982425. Search found reslink.io, not reslink.org; verify manually.			
China / Global	Agency	Transsion recruiter	Recruiter contact			kai.mao@transsion.com			To Contact					Medium	Yes	Run agency website/LinkedIn check	Current Master Job Tracker; Screenshot proposal: outside-dubai-proposed.csv; IMG_8480.HEIC; Screenshot proposal: proposed-tracker-rows-from-unknown.csv	Country/Region: China / Global | Category: Recruiter contact | Source: IMG_8480.HEIC | Keep outside Dubai unless a UAE role is found. | Official site places Transsion in Shenzhen | China | global emerging markets.	https://transsion.com; transsion.com; https://www.transsion.com/en/about; OCR indicates engineering recruitment; web country not verified in this pass.		
Canada	Direct Employer	Pfaff Motorsports	Direct employer / motorsports			jobs@pfaffmotorsports.com			To Contact					High	No	Run company careers/LinkedIn check	Current Master Job Tracker; Screenshot proposal: outside-dubai-proposed.csv; IMG_7207.HEIC; Screenshot proposal: proposed-tracker-rows-from-unknown.csv	Country/Region: Canada | Category: Direct employer / motorsports | Source: IMG_7207.HEIC | Canadian motorsports employer | not UAE.	https://pfaffmotorsports.com; pfaffmotorsports.com; https://www.pfaffmotorsports.com/team; https://ca.linkedin.com/company/pfaff-motorsports		
Egypt	Direct Employer	Brandfy Agency	Creative / digital marketing agency			info@brandfy.net			To Contact					High	No	Run company careers/LinkedIn check	Current Master Job Tracker; Screenshot proposal: outside-dubai-proposed.csv; IMG_6882.HEIC; Screenshot proposal: proposed-tracker-rows-from-unknown.csv	Country/Region: Egypt | Category: Creative / digital marketing agency | Source: IMG_6882.HEIC | Website/LinkedIn place Brandfy in Cairo | Egypt. Do not put in Dubai.	https://brandfy.net; brandfy.net; https://brandfy.net/contact-us/; https://www.linkedin.com/company/brandfyagency		
Jordan / MENA	Direct Employer	Sitech	IT services / product design company			alaa@sitech.me			To Contact					High	No	Run company careers/LinkedIn check	Current Master Job Tracker; Screenshot proposal: outside-dubai-proposed.csv; IMG_9321.HEIC; Screenshot proposal: proposed-tracker-rows-from-unknown.csv	Country/Region: Jordan / MENA | Category: IT services / product design company | Source: IMG_9321.HEIC | LinkedIn places Sitech in Amman | Jordan.	https://sitech.me; sitech.me; https://www.linkedin.com/company/sitechinc		
Mumbai / Hybrid	Direct Employer	Learntube	Job lead / direct employer			gargi@learntube.ai; shronit@learntube.ai			To Contact					High	Yes	Verify OCR email/domain before outreach	Raw OCR: IMG_8836.HEIC	"OCR raw safety-net row from screenshot | verify before outreach. #HiringNow for FIVE roles | with our LearnTube promises: | @"" Bots don't read your applications | our team does | @"" We will give you feedback (if you genuinely want it) | @"" We will not judge you basis your college and pedigree"	https://Inkd.in/d-73kxGFAll		
Spain	Direct Employer	Roberto Castano	Photography / creative role			thephotographer@robertocastano.com			To Contact					Medium	No	Run company careers/LinkedIn check	Current Master Job Tracker; Screenshot proposal: outside-dubai-proposed.csv; IMG_8475.HEIC; Screenshot proposal: proposed-tracker-rows-from-unknown.csv	Country/Region: Spain | Category: Photography / creative role | Source: IMG_8475.HEIC | Behance lists Ibiza | Spain | OCR also duplicated uppercase email.	https://robertocastano.com; robertocastano.com; https://www.behance.net/robertocastano		
Unknown / likely not a job lead	LinkedIn Search	Shivani main account	Gmail contact / weak evidence			shivanimainacc@gmail.com			To Contact					Low	Yes	Run company careers/LinkedIn check	Screenshot proposal: outside-dubai-proposed.csv; IMG_9218.HEIC; Screenshot proposal: proposed-tracker-rows-from-unknown.csv	Probably skip unless the screenshot visually confirms a real job lead.	OCR suggests meme/non-job context.		
Unknown / possible India	LinkedIn Search	Neeraj / portfolio hiring lead	Gmail contact			neerajiwtwrs@gmail.com			To Contact					Low	Yes	Run company careers/LinkedIn check	Screenshot proposal: outside-dubai-proposed.csv; IMG_8949.HEIC; Screenshot proposal: proposed-tracker-rows-from-unknown.csv	Keep for manual review | not Dubai.	No reliable domain source found; Gmail only.		
Unknown / possible Indonesia	LinkedIn Search	Sukhakala	Gmail contact			sukhakala.id@gmail.com			To Contact					Low	Yes	Run company careers/LinkedIn check	Screenshot proposal: outside-dubai-proposed.csv; IMG_9185.HEIC; Screenshot proposal: proposed-tracker-rows-from-unknown.csv	Manual verification required.	No reliable source found; .id in name is not enough for country assignment.		
